Id_Date,Date,Ticker,Volume,Retorno
20131209,2013-12-09,GOOGL,59244696,0.007729907672110574
20131210,2013-12-10,GOOGL,74081844,0.00604748831822775
20131211,2013-12-11,GOOGL,68403528,-0.006794772598888616
20131212,2013-12-12,GOOGL,63796140,-0.006804113937707959
20131213,2013-12-13,GOOGL,86409504,-0.008570461008655087
20131216,2013-12-16,GOOGL,64015920,0.011491457334380234
20131217,2013-12-17,GOOGL,61366572,-0.0029077612113959806
20131218,2013-12-18,GOOGL,88323588,0.013917739422063523
20131219,2013-12-19,GOOGL,66561372,0.001355159978718782
20131220,2013-12-20,GOOGL,130333536,0.013256939330480078
20131223,2013-12-23,GOOGL,68795136,0.013156204496427302
20131224,2013-12-24,GOOGL,29338632,-0.002923487962005866
20131226,2013-12-26,GOOGL,53458488,0.005054670384228573
20131227,2013-12-27,GOOGL,62725212,0.0008411865334036584
20131230,2013-12-30,GOOGL,49394556,-0.007993585286830933
20131231,2013-12-31,GOOGL,54261684,0.010140095778715582
20140102,2014-01-02,GOOGL,72783144,-0.006772476797926887
20140103,2014-01-03,GOOGL,66601332,-0.007294810890704784
20140106,2014-01-06,GOOGL,70701228,0.011149297342231876
20140107,2014-01-07,GOOGL,102001896,0.019278293890227262
20140108,2014-01-08,GOOGL,89610300,0.0020810177451685854
20140109,2014-01-09,GOOGL,83296620,-0.009629939366083756
20140110,2014-01-10,GOOGL,85654260,-5.307128660645942e-05
20140113,2014-01-13,GOOGL,96659244,-0.006370645799215069
20140114,2014-01-14,GOOGL,99204696,0.02352662825988957
20140115,2014-01-15,GOOGL,77929992,-0.0006786248940353156
20140116,2014-01-16,GOOGL,67288644,0.006616673286768339
20140117,2014-01-17,GOOGL,107943948,-0.004921233565482664
20140121,2014-01-21,GOOGL,79116804,0.011446923755584678
20140122,2014-01-22,GOOGL,62793144,0.0011343245535778905
20140123,2014-01-23,GOOGL,77886036,-0.004223104921573712
20140124,2014-01-24,GOOGL,155544300,-0.031264544161823976
20140127,2014-01-27,GOOGL,173969856,-0.02010985411335767
20140128,2014-01-28,GOOGL,88319592,0.019777914508713367
20140129,2014-01-29,GOOGL,95100804,-0.014327569144844893
20140130,2014-01-30,GOOGL,203452344,0.025719980073186627
20140131,2014-01-31,GOOGL,222429348,0.04014485106748618
20140203,2014-02-03,GOOGL,182581236,-0.04025504196433556
20140204,2014-02-04,GOOGL,112363524,0.00417316562845787
20140205,2014-02-05,GOOGL,95684220,0.004428172083564588
20140206,2014-02-06,GOOGL,77786136,0.014660630769076914
20140207,2014-02-07,GOOGL,105342552,0.01506947182698102
20140210,2014-02-10,GOOGL,77730192,-0.003830302057366496
20140211,2014-02-11,GOOGL,81949968,0.014706725189025199
20140212,2014-02-12,GOOGL,68911020,-0.002932334789766837
20140213,2014-02-13,GOOGL,73382544,0.01113184004910033
20140214,2014-02-14,GOOGL,87380532,0.0024168089673470994
20140218,2014-02-18,GOOGL,84271644,0.00671764699098372
20140219,2014-02-19,GOOGL,84059856,-0.00705268848696615
20140220,2014-02-20,GOOGL,67963968,0.0014721314356067536
20140221,2014-02-21,GOOGL,74417508,-0.00026578793970924355
20140224,2014-02-24,GOOGL,66905028,0.007243839633888836
20140225,2014-02-25,GOOGL,57490452,0.00617725596095677
20140226,2014-02-26,GOOGL,79208712,0.00013931586912080003
20140227,2014-02-27,GOOGL,50349600,-0.0007867439239413828
20140228,2014-02-28,GOOGL,92451456,-0.0029199022331613325
20140303,2014-03-03,GOOGL,84107808,-0.01066100353623807
20140304,2014-03-04,GOOGL,58649292,0.01016053686266602
20140305,2014-03-05,GOOGL,49362588,0.0027574013764610408
20140306,2014-03-06,GOOGL,50673276,0.0011081733745471477
20140307,2014-03-07,GOOGL,60543396,-0.0039520865129485825
20140310,2014-03-10,GOOGL,48535416,-0.002650636819150489
20140311,2014-03-11,GOOGL,68451480,-0.009557889574399193
20140312,2014-03-12,GOOGL,78493428,0.006091746620179439
20140313,2014-03-13,GOOGL,93730176,-0.015108114733415307
20140314,2014-03-14,GOOGL,91664244,-0.013674705374989873
20140317,2014-03-17,GOOGL,86397516,0.01645639765911459
20140318,2014-03-18,GOOGL,72527400,0.01607245542312784
20140319,2014-03-19,GOOGL,64451484,-0.009915291975852936
20140320,2014-03-20,GOOGL,67320612,-0.0017427260681974642
20140321,2014-03-21,GOOGL,128211660,-0.011794585170053103
20140324,2014-03-24,GOOGL,121362516,-0.02122502812806503
20140325,2014-03-25,GOOGL,96311592,0.0006823143026926863
20140326,2014-03-26,GOOGL,103096800,-0.023085846547256036
20140327,2014-03-27,GOOGL,152735112,-0.015627591224745753
20140328,2014-03-28,GOOGL,90265644,0.005267956391203629
20140331,2014-03-31,GOOGL,77614308,-0.0050350666512346594
20140401,2014-04-01,GOOGL,87152760,0.0182861228082749
20140402,2014-04-02,GOOGL,83360556,0.0001850220021717755
20140403,2014-04-03,GOOGL,80366000,0.00595277903341168
20140404,2014-04-04,GOOGL,107274000,-0.04593175730382678
20140407,2014-04-07,GOOGL,79232000,-0.00847321022664863
20140408,2014-04-08,GOOGL,69650000,0.031222827699487685
20140409,2014-04-09,GOOGL,60632000,0.01709384808129299
20140410,2014-04-10,GOOGL,65890000,-0.035888118984328754
20140411,2014-04-11,GOOGL,63494000,-0.01633462771654752
20140414,2014-04-14,GOOGL,50824000,0.013835158206082178
20140415,2014-04-15,GOOGL,79956000,0.006419634467762625
20140416,2014-04-16,GOOGL,91644000,0.02770184959636303
20140417,2014-04-17,GOOGL,112294000,-0.03646036137813466
20140421,2014-04-21,GOOGL,48502000,-0.00730664706825622
20140422,2014-04-22,GOOGL,46622000,0.011365091853103214
20140423,2014-04-23,GOOGL,39114000,-0.014647109029364079
20140424,2014-04-24,GOOGL,41348000,-0.005711506942761869
20140425,2014-04-25,GOOGL,47400000,-0.021218450446623075
20140428,2014-04-28,GOOGL,75056000,-0.00022942147357281212
20140429,2014-04-29,GOOGL,50704000,0.025526771117509058
20140430,2014-04-30,GOOGL,40770000,-0.002703567940098306
20140501,2014-05-01,GOOGL,40086000,0.006823992027134217
20140502,2014-05-02,GOOGL,35616000,-0.008653178053700436
20140505,2014-05-05,GOOGL,24568000,0.0027347463916252866
20140506,2014-05-06,GOOGL,36700000,-0.023835782676345035
20140507,2014-05-07,GOOGL,61486000,-0.008745253893043209
20140508,2014-05-08,GOOGL,49040000,0.004189170987474169
20140509,2014-05-09,GOOGL,45224000,0.012399801583227388
20140512,2014-05-12,GOOGL,38968000,0.022426033647018583
20140513,2014-05-13,GOOGL,40240000,0.005776068061064914
20140514,2014-05-14,GOOGL,25618000,-0.013166108604405731
20140515,2014-05-15,GOOGL,36658000,-0.00989882533225576
20140516,2014-05-16,GOOGL,38154000,-0.0015496847532432533
20140519,2014-05-19,GOOGL,39530000,0.019931810573823452
20140520,2014-05-20,GOOGL,48506000,0.002895199717099448
20140521,2014-05-21,GOOGL,31294000,0.0172282930961457
20140522,2014-05-22,GOOGL,42994000,0.010460195296950962
20140523,2014-05-23,GOOGL,53450000,0.015032908933225318
20140527,2014-05-27,GOOGL,43716000,0.019634594229008626
20140528,2014-05-28,GOOGL,31632000,-0.0076887182585227
20140529,2014-05-29,GOOGL,28222000,0.00019285804658070174
20140530,2014-05-30,GOOGL,37434000,0.0019104241470551896
20140602,2014-06-02,GOOGL,33210000,-0.012787593735848785
20140603,2014-06-03,GOOGL,40626000,-0.017418540724466695
20140604,2014-06-04,GOOGL,34582000,-0.0013525592442068727
20140605,2014-06-05,GOOGL,35868000,0.020171203967681985
20140606,2014-06-06,GOOGL,34804000,0.0019471546969029802
20140609,2014-06-09,GOOGL,30594000,0.008303468285809735
20140610,2014-06-10,GOOGL,29676000,-0.004257705440252865
20140611,2014-06-11,GOOGL,22580000,-0.0014077393714066466
20140612,2014-06-12,GOOGL,30930000,-0.014096902855692456
20140613,2014-06-13,GOOGL,27066000,0.0015191971995281639
20140616,2014-06-16,GOOGL,39436000,-0.014366026722010582
20140617,2014-06-17,GOOGL,29552000,-0.0030418118589635337
20140618,2014-06-18,GOOGL,41212000,0.01823402005781696
20140619,2014-06-19,GOOGL,52548000,0.007723016491526441
20140620,2014-06-20,GOOGL,63212000,0.0027080103442916332
20140623,2014-06-23,GOOGL,34456000,0.013715321990155264
20140624,2014-06-24,GOOGL,56886000,-0.0030472276107317677
20140625,2014-06-25,GOOGL,42294000,0.02338695723233707
20140626,2014-06-26,GOOGL,40248000,-0.0019797128908489257
20140627,2014-06-27,GOOGL,40426000,0.001573251912420549
20140630,2014-06-30,GOOGL,29578000,-0.0017415559384719274
20140701,2014-07-01,GOOGL,32864000,0.011664686362876256
20140702,2014-07-02,GOOGL,23916000,-0.0012003440057450378
20140703,2014-07-03,GOOGL,17978000,0.0038931505074952496
20140707,2014-07-07,GOOGL,26734000,-0.003911756404804043
20140708,2014-07-08,GOOGL,42504000,-0.02092220286691197
20140709,2014-07-09,GOOGL,27456000,0.008575352373095858
20140710,2014-07-10,GOOGL,28724000,-0.005691115710045335
20140711,2014-07-11,GOOGL,30232000,0.011395753390522224
20140714,2014-07-14,GOOGL,39032000,0.01297192125356939
20140715,2014-07-15,GOOGL,33476000,-0.002019300214293477
20140716,2014-07-16,GOOGL,28816000,-0.004114246150568686
20140717,2014-07-17,GOOGL,58706000,-0.016592725232450645
20140718,2014-07-18,GOOGL,97432000,0.04182019943979475
20140721,2014-07-21,GOOGL,44758000,-0.011022785929869234
20140722,2014-07-22,GOOGL,37632000,0.00857223211033631
20140723,2014-07-23,GOOGL,22120000,0.0026840725624872608
20140724,2014-07-24,GOOGL,27100000,-0.003602212787855397
20140725,2014-07-25,GOOGL,27200000,-0.008175652829076242
20140728,2014-07-28,GOOGL,27162000,0.0015717257244850656
20140729,2014-07-29,GOOGL,27332000,-0.008463823676442961
20140730,2014-07-30,GOOGL,24302000,0.002508599366103228
20140731,2014-07-31,GOOGL,46190000,-0.02668609635583136
20140801,2014-08-01,GOOGL,44266000,-0.01026660688300244
20140804,2014-08-04,GOOGL,30388000,0.015115072709352792
20140805,2014-08-05,GOOGL,32876000,-0.015680045262472617
20140806,2014-08-06,GOOGL,26456000,0.002355482747170442
20140807,2014-08-07,GOOGL,23260000,-0.004665034209033506
20140808,2014-08-08,GOOGL,29866000,0.010720326070191338
20140811,2014-08-11,GOOGL,24068000,-0.0011938998108954578
20140812,2014-08-12,GOOGL,27890000,-0.008886906663392426
20140813,2014-08-13,GOOGL,37988000,0.02174368038262722
20140814,2014-08-14,GOOGL,25458000,0.00015394263467043942
20140815,2014-08-15,GOOGL,34468000,-0.001607829808846248
20140818,2014-08-18,GOOGL,29320000,0.015401519592027164
20140819,2014-08-19,GOOGL,20864000,0.007440493909002705
20140820,2014-08-20,GOOGL,19346000,-0.0028470160123887744
20140821,2014-08-21,GOOGL,22640000,-0.005021746099963635
20140822,2014-08-22,GOOGL,17544000,0.00020257650788622103
20140825,2014-08-25,GOOGL,25912000,-0.003324710661072327
20140826,2014-08-26,GOOGL,29434000,-0.004148516436263867
20140827,2014-08-27,GOOGL,27292000,-0.00870572392039988
20140828,2014-08-28,GOOGL,28116000,-0.00459687384573508
20140829,2014-08-29,GOOGL,24122000,0.003515277095692354
20140902,2014-09-02,GOOGL,31660000,0.010766517286730741
20140903,2014-09-03,GOOGL,31580000,0.0015119974087821186
20140904,2014-09-04,GOOGL,32616000,0.006140580705999833
20140905,2014-09-05,GOOGL,35982000,0.007822785655158539
20140908,2014-09-08,GOOGL,31984000,0.006440468438545838
20140909,2014-09-09,GOOGL,31424000,-0.016056374053514313
20140910,2014-09-10,GOOGL,23202000,0.0024494562427528352
20140911,2014-09-11,GOOGL,30028000,-0.0038926729230994122
20140912,2014-09-12,GOOGL,37030000,-0.010505631471759005
20140915,2014-09-15,GOOGL,30908000,-0.0055736058175403416
20140916,2014-09-16,GOOGL,31592000,0.012275580586363107
20140917,2014-09-17,GOOGL,34390000,0.007659910768813324
20140918,2014-09-18,GOOGL,29890000,0.006708399503341565
20140919,2014-09-19,GOOGL,83832000,0.013611929431263502
20140922,2014-09-22,GOOGL,35644000,-0.013429133020268557
20140923,2014-09-23,GOOGL,28074000,-0.010196412803796366
20140924,2014-09-24,GOOGL,35160000,0.012246676529377873
20140925,2014-09-25,GOOGL,33420000,-0.02200791332002016
20140926,2014-09-26,GOOGL,25782000,0.004527968948984284
20140929,2014-09-29,GOOGL,22874000,-0.00015313293768800152
20140930,2014-09-30,GOOGL,31430000,0.0010207613871452206
20141001,2014-10-01,GOOGL,28954000,-0.014921540388004653
20141002,2014-10-02,GOOGL,30726000,0.0021565480962283247
20141003,2014-10-03,GOOGL,24290000,0.009244572669265531
20141006,2014-10-06,GOOGL,25722000,0.002609806020122601
20141007,2014-10-07,GOOGL,30914000,-0.02327401465443949
20141008,2014-10-08,GOOGL,44158000,0.01679151200951887
20141009,2014-10-09,GOOGL,48234000,-0.022150259626042827
20141010,2014-10-10,GOOGL,59574000,-0.027364626400797357
20141013,2014-10-13,GOOGL,55116000,-0.01880441855979807
20141014,2014-10-14,GOOGL,52198000,0.0072326942288443085
20141015,2014-10-15,GOOGL,76720000,-0.014507237732695041
20141016,2014-10-16,GOOGL,76100000,-0.007046039718197917
20141017,2014-10-17,GOOGL,119930000,-0.025981532125388524
20141020,2014-10-20,GOOGL,54964000,0.01799334687397538
20141021,2014-10-21,GOOGL,49190000,0.010612766302603995
20141022,2014-10-22,GOOGL,59474000,0.008661219469412302
20141023,2014-10-23,GOOGL,43026000,0.02019570382811601
20141024,2014-10-24,GOOGL,43508000,-0.008579468516535831
20141027,2014-10-27,GOOGL,31934000,0.0017853811959121233
20141028,2014-10-28,GOOGL,34774000,0.01647635960161429
20141029,2014-10-29,GOOGL,41066000,-0.000876655553263155
20141030,2014-10-30,GOOGL,32250000,0.003259006223738735
20141031,2014-10-31,GOOGL,46810000,0.013564858295780078
20141103,2014-11-03,GOOGL,30834000,-0.00721995978737867
20141104,2014-11-04,GOOGL,27726000,0.0007449814235059029
20141105,2014-11-05,GOOGL,32906000,-0.014604964928097562
20141106,2014-11-06,GOOGL,33014000,-0.007662604426434771
20141107,2014-11-07,GOOGL,31782000,0.00023564843631912165
20141110,2014-11-10,GOOGL,26090000,0.011616154982534464
20141111,2014-11-11,GOOGL,21966000,0.005481606965855785
20141112,2014-11-12,GOOGL,21882000,-0.005416110134369036
20141113,2014-11-13,GOOGL,30220000,-0.0032422705487813504
20141114,2014-11-14,GOOGL,28502000,-0.0022464236528227928
20141117,2014-11-17,GOOGL,33612000,-0.015400124763183221
20141118,2014-11-18,GOOGL,36440000,-0.003896554323007096
20141119,2014-11-19,GOOGL,30346000,0.004940239959316248
20141120,2014-11-20,GOOGL,35016000,-0.0062865819142083525
20141121,2014-11-21,GOOGL,50120000,0.0039171923895189266
20141124,2014-11-24,GOOGL,33076000,0.00291268194478909
20141125,2014-11-25,GOOGL,38072000,0.0031964497981446308
20141126,2014-11-26,GOOGL,29604000,-0.0027311240274946027
20141128,2014-11-28,GOOGL,24202000,0.0024647570730832163
20141201,2014-12-01,GOOGL,39888000,-0.017174196423280212
20141202,2014-12-02,GOOGL,41480000,-0.0019642174116595214
20141203,2014-12-03,GOOGL,32476000,-0.003007901371885769
20141204,2014-12-04,GOOGL,32598000,0.010447526652158166
20141205,2014-12-05,GOOGL,61402000,-0.026724184054610255
20141208,2014-12-08,GOOGL,64566000,0.005018239870551097
20141209,2014-12-09,GOOGL,43322000,0.010136946857954732
20141210,2014-12-10,GOOGL,46222000,-0.015052866121210474
20141211,2014-12-11,GOOGL,41426000,0.007707705364705107
20141212,2014-12-12,GOOGL,47314000,-0.01992064775656136
20141215,2014-12-15,GOOGL,52352000,-0.010872300284864274
20141216,2014-12-16,GOOGL,86998000,-0.03427415001261607
20141217,2014-12-17,GOOGL,72788000,0.016641210337786316
20141218,2014-12-18,GOOGL,77534000,0.016131924876865007
20141219,2014-12-19,GOOGL,97442000,0.01053203913433609
20141222,2014-12-22,GOOGL,66390000,0.023575068969187467
20141223,2014-12-23,GOOGL,57544000,0.012154787989759153
20141224,2014-12-24,GOOGL,14754000,-0.0034151513941413523
20141226,2014-12-26,GOOGL,22270000,0.008548593429425082
20141229,2014-12-29,GOOGL,44300000,-0.007774439189772734
20141230,2014-12-30,GOOGL,20972000,-0.003778063292978851
20141231,2014-12-31,GOOGL,24648000,-0.008630959252978397
20150102,2015-01-02,GOOGL,26480000,-0.0020917358963819395
20150105,2015-01-05,GOOGL,41182000,-0.019053963755226614
20150106,2015-01-06,GOOGL,54456000,-0.02467943059624308
20150107,2015-01-07,GOOGL,46918000,-0.002940985135149787
20150108,2015-01-08,GOOGL,73054000,0.0034841632102933923
20150109,2015-01-09,GOOGL,42000000,-0.012211305217761554
20150112,2015-01-12,GOOGL,57138000,-0.007309420928146527
20150113,2015-01-13,GOOGL,60958000,0.009536052211297968
20150114,2015-01-14,GOOGL,52800000,0.008230334733981503
20150115,2015-01-15,GOOGL,51068000,-0.003794942655129808
20150116,2015-01-16,GOOGL,49658000,0.012797373966116472
20150120,2015-01-20,GOOGL,46796000,-0.0010187272590176082
20150121,2015-01-21,GOOGL,46356000,0.020492646081384847
20150122,2015-01-22,GOOGL,56068000,0.03249482176430642
20150123,2015-01-23,GOOGL,45966000,0.00865438593987631
20150126,2015-01-26,GOOGL,30932000,-0.009650314840105093
20150127,2015-01-27,GOOGL,39148000,-0.028935038347756785
20150128,2015-01-28,GOOGL,35822000,-0.016807679721471982
20150129,2015-01-29,GOOGL,79018000,0.0015612245771528346
20150130,2015-01-30,GOOGL,121108000,0.047386144970680506
20150202,2015-02-02,GOOGL,75378000,-0.009952559515982307
20150203,2015-02-03,GOOGL,47062000,0.002066903566863714
20150204,2015-02-04,GOOGL,33896000,-0.013500866228807437
20150205,2015-02-05,GOOGL,33176000,0.007089927662145297
20150206,2015-02-06,GOOGL,42938000,0.007643937984513984
20150209,2015-02-09,GOOGL,30314000,-0.008616151199999086
20150210,2015-02-10,GOOGL,47430000,0.020556178349200756
20150211,2015-02-11,GOOGL,38306000,-0.003998807907078899
20150212,2015-02-12,GOOGL,48590000,0.014888522561346608
20150213,2015-02-13,GOOGL,47382000,0.009432050204966352
20150217,2015-02-17,GOOGL,39174000,-0.011158314570494623
20150218,2015-02-18,GOOGL,31164000,-0.004330196939758986
20150219,2015-02-19,GOOGL,30834000,0.007002691834319327
20150220,2015-02-20,GOOGL,38234000,-0.008509472937918622
20150223,2015-02-23,GOOGL,32906000,-0.012550762298737405
20150224,2015-02-24,GOOGL,28406000,0.006822461279753213
20150225,2015-02-25,GOOGL,40836000,0.016114360038432373
20150226,2015-02-26,GOOGL,54032000,0.021851517515281648
20150227,2015-02-27,GOOGL,68328000,0.005971850537040943
20150302,2015-03-02,GOOGL,50406000,0.022021548839081244
20150303,2015-03-03,GOOGL,50526000,0.006556341053658386
20150304,2015-03-04,GOOGL,37964000,-0.0007947862444178278
20150305,2015-03-05,GOOGL,35918000,0.005360285171260666
20150306,2015-03-06,GOOGL,37592000,-0.014670736254332564
20150309,2015-03-09,GOOGL,23478000,0.0020945877110684816
20150310,2015-03-10,GOOGL,40080000,-0.024821446452673732
20150311,2015-03-11,GOOGL,40524000,-0.007430568217838324
20150312,2015-03-12,GOOGL,35602000,0.009861619487227365
20150313,2015-03-13,GOOGL,35428000,-0.014558891856865071
20150316,2015-03-16,GOOGL,36856000,0.015623910302048837
20150317,2015-03-17,GOOGL,28892000,-0.0071754124958840065
20150318,2015-03-18,GOOGL,35324000,0.01533328882020976
20150319,2015-03-19,GOOGL,24660000,-0.004398059635974556
20150320,2015-03-20,GOOGL,44320000,0.002270802965105337
20150323,2015-03-23,GOOGL,30234000,0.000743425394965842
20150324,2015-03-24,GOOGL,79156000,0.021525777731146726
20150325,2015-03-25,GOOGL,53070000,-0.01824983247869119
20150326,2015-03-26,GOOGL,49842000,-0.00592596728981237
20150327,2015-03-27,GOOGL,34552000,-0.010804722200639924
20150330,2015-03-30,GOOGL,24788000,0.006438836662062301
20150331,2015-03-31,GOOGL,34932000,-0.011476587136813808
20150401,2015-04-01,GOOGL,38902000,-0.009392462537981922
20150402,2015-04-02,GOOGL,47760000,-0.014886545231434149
20150406,2015-04-06,GOOGL,33718000,0.004877056334348758
20150407,2015-04-07,GOOGL,27318000,0.0016729405736864225
20150408,2015-04-08,GOOGL,28386000,0.007304606859901907
20150409,2015-04-09,GOOGL,32366000,-0.0014940735753390562
20150410,2015-04-10,GOOGL,26104000,0.0009489061510794747
20150413,2015-04-13,GOOGL,29326000,0.00018227151195018905
20150414,2015-04-14,GOOGL,47206000,-0.016148982900332547
20150415,2015-04-15,GOOGL,46962000,0.0023342741336772293
20150416,2015-04-16,GOOGL,31722000,0.004583784899696039
20150417,2015-04-17,GOOGL,49234000,-0.019833730241420388
20150420,2015-04-20,GOOGL,38508000,0.022130887355725295
20150421,2015-04-21,GOOGL,29128000,-0.002956665394236881
20150422,2015-04-22,GOOGL,31806000,0.011530233787571698
20150423,2015-04-23,GOOGL,78184000,0.015077008012545337
20150424,2015-04-24,GOOGL,92168000,0.02906043112663316
20150427,2015-04-27,GOOGL,48062000,-0.01314370188945411
20150428,2015-04-28,GOOGL,37178000,-0.0030912039597598357
20150429,2015-04-29,GOOGL,33622000,-0.005280229888957615
20150430,2015-04-30,GOOGL,47240000,-0.022479934430070406
20150501,2015-05-01,GOOGL,36572000,0.004355235026841978
20150504,2015-05-04,GOOGL,35260000,0.0030481033481449655
20150505,2015-05-05,GOOGL,28528000,-0.017726639447284292
20150506,2015-05-06,GOOGL,39034000,-0.014658246571169983
20150507,2015-05-07,GOOGL,31844000,0.013007384934027366
20150508,2015-05-08,GOOGL,28226000,0.01274817191304849
20150511,2015-05-11,GOOGL,21858000,-0.005774685128518015
20150512,2015-05-12,GOOGL,35282000,-0.012917256546398184
20150513,2015-05-13,GOOGL,24238000,0.0014107291606773992
20150514,2015-05-14,GOOGL,31736000,0.017998421343693474
20150515,2015-05-15,GOOGL,33440000,-0.004934448606746375
20150518,2015-05-18,GOOGL,26706000,0.0003294032273139844
20150519,2015-05-19,GOOGL,47126000,0.004774390176674767
20150520,2015-05-20,GOOGL,30840000,0.005880389575809397
20150521,2015-05-21,GOOGL,34170000,0.007782670167977587
20150522,2015-05-22,GOOGL,24266000,-0.004112715155202227
20150526,2015-05-26,GOOGL,37474000,-0.013218601650517676
20150527,2015-05-27,GOOGL,34844000,0.012902235863298053
20150528,2015-05-28,GOOGL,23544000,-0.000126296248602224
20150529,2015-05-29,GOOGL,43446000,-0.015987545272771027
20150601,2015-06-01,GOOGL,33210000,0.007133424930275727
20150602,2015-06-02,GOOGL,31842000,0.00863056046063366
20150603,2015-06-03,GOOGL,26710000,0.0024189704800486067
20150604,2015-06-04,GOOGL,26866000,-0.006483109991252074
20150605,2015-06-05,GOOGL,24396000,-0.003915235155427707
20150608,2015-06-08,GOOGL,27336000,-0.011009399886807901
20150609,2015-06-09,GOOGL,30016000,-0.0024287916854366974
20150610,2015-06-10,GOOGL,30316000,0.019256284600509738
20150611,2015-06-11,GOOGL,25872000,-0.004632586172225925
20150612,2015-06-12,GOOGL,25468000,-0.0046723867705104295
20150615,2015-06-15,GOOGL,27150000,-0.008164874740777995
20150616,2015-06-16,GOOGL,32526000,0.003443835677451956
20150617,2015-06-17,GOOGL,24440000,0.0031750754720151447
20150618,2015-06-18,GOOGL,41192000,0.01752653102414572
20150619,2015-06-19,GOOGL,59290000,0.002409271652631958
20150622,2015-06-22,GOOGL,34752000,0.0038742934339200436
20150623,2015-06-23,GOOGL,31396000,0.0066288273152179285
20150624,2015-06-24,GOOGL,28924000,-0.008555392397730073
20150625,2015-06-25,GOOGL,26684000,-0.001109982211464553
20150626,2015-06-26,GOOGL,43676000,-0.008764198030892793
20150629,2015-06-29,GOOGL,37756000,-0.021353917496704403
20150630,2015-06-30,GOOGL,34510000,-0.002235535936597864
20150701,2015-07-01,GOOGL,30760000,0.006036593657122977
20150702,2015-07-02,GOOGL,28124000,0.007436026412617527
20150706,2015-07-06,GOOGL,25614000,-0.003142486961770091
20150707,2015-07-07,GOOGL,33578000,0.008082513015883759
20150708,2015-07-08,GOOGL,27662000,-0.015144632257568744
20150709,2015-07-09,GOOGL,29766000,0.005445855521769197
20150710,2015-07-10,GOOGL,43436000,0.02104103378750865
20150713,2015-07-13,GOOGL,41792000,0.0280879731158197
20150714,2015-07-14,GOOGL,74832000,0.021775994343041453
20150715,2015-07-15,GOOGL,41466000,-0.0003765852888951809
20150716,2015-07-16,GOOGL,112642000,0.03051581440775283
20150717,2015-07-17,GOOGL,257162000,0.16258427255465538
20150720,2015-07-20,GOOGL,102436000,-0.009690995445067475
20150721,2015-07-21,GOOGL,75604000,0.0036228724158678728
20150722,2015-07-22,GOOGL,83100000,-0.0003595530964576614
20150723,2015-07-23,GOOGL,76232000,-0.029305171930282856
20150724,2015-07-24,GOOGL,82622000,-0.02958223600409823
20150727,2015-07-27,GOOGL,58382000,0.005345481887455211
20150728,2015-07-28,GOOGL,34364000,0.0021115945070958454
20150729,2015-07-29,GOOGL,36756000,0.002683114249153626
20150730,2015-07-30,GOOGL,39606000,0.0047322248873781
20150731,2015-07-31,GOOGL,34922000,-0.01062358956484922
20150803,2015-08-03,GOOGL,31348000,0.010980990449738593
20150804,2015-08-04,GOOGL,26188000,-0.0051751379436123564
20150805,2015-08-05,GOOGL,36448000,0.018161808284691057
20150806,2015-08-06,GOOGL,40660000,-0.004663710728234402
20150807,2015-08-07,GOOGL,27544000,-0.008595036994281512
20150810,2015-08-10,GOOGL,34458000,-0.001881424981910921
20150811,2015-08-11,GOOGL,109880000,0.04095659538083061
20150812,2015-08-12,GOOGL,58498000,0.0016949789453906431
20150813,2015-08-13,GOOGL,36354000,-0.007173155371878212
20150814,2015-08-14,GOOGL,27598000,0.00416593318859366
20150817,2015-08-17,GOOGL,24680000,0.006875940020208705
20150818,2015-08-18,GOOGL,27710000,-0.007750961519543268
20150819,2015-08-19,GOOGL,50194000,0.007709816931311412
20150820,2015-08-20,GOOGL,57798000,-0.02097863661781827
20150821,2015-08-21,GOOGL,91880000,-0.05217222391894077
20150824,2015-08-24,GOOGL,129788000,-0.04024655775147102
20150825,2015-08-25,GOOGL,71430000,-0.009124576022180059
20150826,2015-08-26,GOOGL,87740000,0.07717924548632266
20150827,2015-08-27,GOOGL,58974000,0.012459432630412298
20150828,2015-08-28,GOOGL,38836000,-0.012380919202954626
20150831,2015-08-31,GOOGL,38936000,-0.0179933613895446
20150901,2015-09-01,GOOGL,51458000,-0.02818678744559307
20150902,2015-09-02,GOOGL,37630000,0.02438204462582508
20150903,2015-09-03,GOOGL,34572000,-0.012187677600425129
20150904,2015-09-04,GOOGL,40478000,-0.012699190006349744
20150908,2015-09-08,GOOGL,39092000,0.023721708566614277
20150909,2015-09-09,GOOGL,40978000,-0.000729904174009155
20150910,2015-09-10,GOOGL,27850000,0.011920831977597392
20150911,2015-09-11,GOOGL,34892000,0.006481493199541215
20150914,2015-09-14,GOOGL,29942000,-0.004318588991597304
20150915,2015-09-15,GOOGL,35546000,0.019311264953277313
20150916,2015-09-16,GOOGL,26252000,0.0006765929358558236
20150917,2015-09-17,GOOGL,47752000,0.00924086196840024
20150918,2015-09-18,GOOGL,72544000,-0.016004837958711285
20150921,2015-09-21,GOOGL,39094000,0.009168963746294362
20150922,2015-09-22,GOOGL,54362000,-0.020660265561229157
20150923,2015-09-23,GOOGL,29160000,0.00013782433540930264
20150924,2015-09-24,GOOGL,38692000,0.002479678675312278
20150925,2015-09-25,GOOGL,48480000,-0.022537417131055833
20150928,2015-09-28,GOOGL,47646000,-0.024837931230926515
20150929,2015-09-29,GOOGL,42130000,-0.0026271149723798804
20150930,2015-09-30,GOOGL,52954000,0.02531279891832464
20151001,2015-10-01,GOOGL,42506000,0.005686281270528341
20151002,2015-10-02,GOOGL,48788000,0.023348919323546
20151005,2015-10-05,GOOGL,37960000,0.02235957664459218
20151006,2015-10-06,GOOGL,42774000,-5.951945536517912e-05
20151007,2015-10-07,GOOGL,44354000,-0.0024418060459008646
20151008,2015-10-08,GOOGL,39308000,-0.004477657488922575
20151009,2015-10-09,GOOGL,32124000,0.006356875869173379
20151012,2015-10-12,GOOGL,26684000,0.007731916872289251
20151013,2015-10-13,GOOGL,42446000,0.009964129674559386
20151014,2015-10-14,GOOGL,31292000,-0.004040004261570174
20151015,2015-10-15,GOOGL,47156000,0.01853296659553927
20151016,2015-10-16,GOOGL,36316000,0.003318745794596651
20151019,2015-10-19,GOOGL,30172000,0.0066588776586628175
20151020,2015-10-20,GOOGL,52434000,-0.02850207398098074
20151021,2015-10-21,GOOGL,31952000,-0.012058819041532628
20151022,2015-10-22,GOOGL,88632000,0.013902919078108396
20151023,2015-10-23,GOOGL,126726000,0.05606777363119716
20151026,2015-10-26,GOOGL,48776000,0.016390264225051073
20151027,2015-10-27,GOOGL,38778000,0.002325174664633052
20151028,2015-10-28,GOOGL,39604000,0.005594875618648114
20151029,2015-10-29,GOOGL,36520000,0.01076099513011652
20151030,2015-10-30,GOOGL,39984000,-0.010015468767572908
20151102,2015-11-02,GOOGL,39914000,0.014036041774140782
20151103,2015-11-03,GOOGL,36306000,0.0014443751302192541
20151104,2015-11-04,GOOGL,41840000,0.008666894754462943
20151105,2015-11-05,GOOGL,45486000,0.00709646536327933
20151106,2015-11-06,GOOGL,33544000,0.0012226368555906398
20151109,2015-11-09,GOOGL,35538000,-0.00896804429857057
20151110,2015-11-10,GOOGL,29798000,0.0046239123914969095
20151111,2015-11-11,GOOGL,41866000,0.009218541926908694
20151112,2015-11-12,GOOGL,35452000,-0.011394990271961366
20151113,2015-11-13,GOOGL,48188000,-0.021757182086710455
20151116,2015-11-16,GOOGL,50704000,0.013985109243621244
20151117,2015-11-17,GOOGL,38864000,-0.005916689923296331
20151118,2015-11-18,GOOGL,36266000,0.018807473202567187
20151119,2015-11-19,GOOGL,28078000,-9.20534576613824e-05
20151120,2015-11-20,GOOGL,55478000,0.022449056219621823
20151123,2015-11-23,GOOGL,34648000,-0.00038608469079938186
20151124,2015-11-24,GOOGL,47880000,-0.009102623266245346
20151125,2015-11-25,GOOGL,23612000,-0.000480684683734459
20151127,2015-11-27,GOOGL,14434000,0.0035228152371676843
20151130,2015-11-30,GOOGL,33586000,-0.011813865184740816
20151201,2015-12-01,GOOGL,40398000,0.027449617095123547
20151202,2015-12-02,GOOGL,46876000,-0.007578486039333838
20151203,2015-12-03,GOOGL,41950000,-0.012406041291417062
20151204,2015-12-04,GOOGL,49800000,0.014332178198106237
20151207,2015-12-07,GOOGL,36626000,-0.007982367238044734
20151208,2015-12-08,GOOGL,31082000,0.002781359757238025
20151209,2015-12-09,GOOGL,46550000,-0.01624226186931682
20151210,2015-12-10,GOOGL,32458000,-0.0032915803517695784
20151211,2015-12-11,GOOGL,43184000,-0.01265720243212304
20151214,2015-12-14,GOOGL,53864000,0.01615092866391044
20151215,2015-12-15,GOOGL,49386000,-0.003212882265154035
20151216,2015-12-16,GOOGL,53120000,0.021707874569943827
20151217,2015-12-17,GOOGL,36510000,-0.008704656289665309
20151218,2015-12-18,GOOGL,67794000,-0.01686091892464022
20151221,2015-12-21,GOOGL,34848000,0.00521905642072768
20151222,2015-12-22,GOOGL,36338000,0.008320131312225743
20151223,2015-12-23,GOOGL,30594000,0.0017989192560939782
20151224,2015-12-24,GOOGL,10412000,-0.0034742332334691483
20151228,2015-12-28,GOOGL,31156000,0.02141438678432336
20151229,2015-12-29,GOOGL,38430000,0.014982674298662164
20151230,2015-12-30,GOOGL,28566000,-0.00460986607240237
20151231,2015-12-31,GOOGL,32752000,-0.015551009690480006
20160104,2016-01-04,GOOGL,67382000,-0.02386861606625838
20160105,2016-01-05,GOOGL,45216000,0.0027520229790000774
20160106,2016-01-06,GOOGL,48206000,-0.002888937022254914
20160107,2016-01-07,GOOGL,63132000,-0.02413970494409049
20160108,2016-01-08,GOOGL,47506000,-0.013616667704854653
20160111,2016-01-11,GOOGL,50896000,0.002955162447819374
20160112,2016-01-12,GOOGL,46816000,0.016737792963414145
20160113,2016-01-13,GOOGL,51728000,-0.03457477081311698
20160114,2016-01-14,GOOGL,55558000,0.016426465729697817
20160115,2016-01-15,GOOGL,76676000,-0.02857567562633815
20160119,2016-01-19,GOOGL,48724000,0.012090155902769762
20160120,2016-01-20,GOOGL,82440000,-0.0007230673333244917
20160121,2016-01-21,GOOGL,51938000,0.011286419750464786
20160122,2016-01-22,GOOGL,47146000,0.025857649379622826
20160125,2016-01-25,GOOGL,45340000,-0.015882785739235912
20160126,2016-01-26,GOOGL,30940000,0.00023170430370984796
20160127,2016-01-27,GOOGL,42428000,-0.02209071555091053
20160128,2016-01-28,GOOGL,62104000,0.04281053621484956
20160129,2016-01-29,GOOGL,75808000,0.017439533251944972
20160201,2016-02-01,GOOGL,111522000,0.012372776204667183
20160202,2016-02-02,GOOGL,135846000,0.013155674107661199
20160203,2016-02-03,GOOGL,131114000,-0.04037596829245226
20160204,2016-02-04,GOOGL,104922000,-0.025821413656348824
20160205,2016-02-05,GOOGL,109556000,-0.03598480830470425
20160208,2016-02-08,GOOGL,89410000,0.0005683885961061858
20160209,2016-02-09,GOOGL,84300000,-0.004459256264054019
20160210,2016-02-10,GOOGL,60314000,0.00831645609158234
20160211,2016-02-11,GOOGL,65004000,-0.0006931594167358171
20160212,2016-02-12,GOOGL,46538000,0.0007503454699849931
20160216,2016-02-16,GOOGL,43444000,0.015207414205336464
20160217,2016-02-17,GOOGL,49154000,0.019968210501718486
20160218,2016-02-18,GOOGL,47276000,-0.019754896693032587
20160219,2016-02-19,GOOGL,34918000,0.006411047762321779
20160222,2016-02-22,GOOGL,37516000,0.009610727703796366
20160223,2016-02-23,GOOGL,41332000,-0.01613061548771825
20160224,2016-02-24,GOOGL,37092000,0.005032833021136792
20160225,2016-02-25,GOOGL,36146000,0.011402500587364986
20160226,2016-02-26,GOOGL,42474000,-0.005842693760475611
20160229,2016-02-29,GOOGL,45068000,-0.010539965487425645
20160301,2016-03-01,GOOGL,60112000,0.03478713285094608
20160302,2016-03-02,GOOGL,36292000,-0.0036245713432193254
20160303,2016-03-03,GOOGL,40534000,-0.010669679851827886
20160304,2016-03-04,GOOGL,48516000,-0.0018725435640648503
20160307,2016-03-07,GOOGL,61690000,-0.023855883416186576
20160308,2016-03-08,GOOGL,52530000,0.0010241028075915473
20160309,2016-03-09,GOOGL,39544000,0.016649665646605465
20160310,2016-03-10,GOOGL,44616000,0.009318902400418001
20160311,2016-03-11,GOOGL,35380000,0.017345651874670655
20160314,2016-03-14,GOOGL,32824000,0.0072093461543188886
20160315,2016-03-15,GOOGL,29832000,0.0004398209964137047
20160316,2016-03-16,GOOGL,29306000,0.009046469505444826
20160317,2016-03-17,GOOGL,44564000,0.0014788147199283077
20160318,2016-03-18,GOOGL,56222000,-0.004047558383507439
20160321,2016-03-21,GOOGL,28774000,0.00893558529123924
20160322,2016-03-22,GOOGL,22096000,-0.0027685283285404367
20160323,2016-03-23,GOOGL,24678000,-0.0032761076023222753
20160324,2016-03-24,GOOGL,31116000,-0.0035904160233808584
20160328,2016-03-28,GOOGL,21676000,-0.002066639653222576
20160329,2016-03-29,GOOGL,40062000,0.01674004232790514
20160330,2016-03-30,GOOGL,40396000,0.0031989287827185924
20160331,2016-03-31,GOOGL,32554000,-0.007080182222122484
20160401,2016-04-01,GOOGL,31674000,0.008874058788839383
20160404,2016-04-04,GOOGL,26924000,-0.0059116480322245184
20160405,2016-04-05,GOOGL,24478000,-0.008560732570240995
20160406,2016-04-06,GOOGL,25312000,0.012523523471272323
20160407,2016-04-07,GOOGL,25498000,-0.010350595351440171
20160408,2016-04-08,GOOGL,23434000,-0.0008551602446842306
20160411,2016-04-11,GOOGL,31774000,-0.002541256363312162
20160412,2016-04-12,GOOGL,27388000,0.008950041231805735
20160413,2016-04-13,GOOGL,35426000,0.009930430885313027
20160414,2016-04-14,GOOGL,26992000,0.004508291954033667
20160415,2016-04-15,GOOGL,31712000,0.005945376216448533
20160418,2016-04-18,GOOGL,33540000,0.009846124893579727
20160419,2016-04-19,GOOGL,43952000,-0.01451094066714005
20160420,2016-04-20,GOOGL,34262000,-0.0017134072124094203
20160421,2016-04-21,GOOGL,77628000,0.006555557426180938
20160422,2016-04-22,GOOGL,140798000,-0.05414102016351162
20160425,2016-04-25,GOOGL,49442000,0.006018139007677171
20160426,2016-04-26,GOOGL,55864000,-0.022688970677801196
20160427,2016-04-27,GOOGL,66262000,-0.005390336331996504
20160428,2016-04-28,GOOGL,62590000,-0.02273177909252446
20160429,2016-04-29,GOOGL,58278000,0.003999735103981426
20160502,2016-05-02,GOOGL,33476000,0.009224725367994763
20160503,2016-05-03,GOOGL,38620000,-0.008356547448369618
20160504,2016-05-04,GOOGL,34172000,0.004135837336367401
20160505,2016-05-05,GOOGL,29668000,0.004695160449799331
20160506,2016-05-06,GOOGL,39952000,0.014649257187910946
20160509,2016-05-09,GOOGL,38074000,0.005446982607929929
20160510,2016-05-10,GOOGL,32634000,0.01405787030521449
20160511,2016-05-11,GOOGL,29834000,-0.011942481438319004
20160512,2016-05-12,GOOGL,27094000,-0.003394717645566038
20160513,2016-05-13,GOOGL,25244000,-0.004450087231853348
20160516,2016-05-16,GOOGL,22538000,0.007546556536229913
20160517,2016-05-17,GOOGL,33404000,-0.013843647868178101
20160518,2016-05-18,GOOGL,32536000,0.002207809295109132
20160519,2016-05-19,GOOGL,30598000,-0.008963994032037369
20160520,2016-05-20,GOOGL,34798000,0.008947161447275838
20160523,2016-05-23,GOOGL,24816000,-0.006179755860635501
20160524,2016-05-24,GOOGL,37884000,0.022000738421163648
20160525,2016-05-25,GOOGL,32216000,0.006916444689518734
20160526,2016-05-26,GOOGL,27202000,-0.0015851072890747811
20160527,2016-05-27,GOOGL,34802000,0.014479005214673973
20160531,2016-05-31,GOOGL,42484000,0.0016720170736782528
20160601,2016-06-01,GOOGL,20788000,-0.0005208181041752353
20160602,2016-06-02,GOOGL,33916000,-0.005598144383176107
20160603,2016-06-03,GOOGL,24608000,-0.011299708384040832
20160606,2016-06-06,GOOGL,29992000,-0.007881959103640993
20160607,2016-06-07,GOOGL,24314000,0.0014109040382516871
20160608,2016-06-08,GOOGL,32314000,0.01619497037477421
20160609,2016-06-09,GOOGL,19180000,-0.0005518738860342429
20160610,2016-06-10,GOOGL,29050000,-0.012565300207822195
20160613,2016-06-13,GOOGL,23354000,-0.0017866678987078968
20160614,2016-06-14,GOOGL,26584000,0.0018718014097512555
20160615,2016-06-15,GOOGL,23234000,-0.0014455531215020018
20160616,2016-06-16,GOOGL,45002000,-0.010844162021706663
20160617,2016-06-17,GOOGL,82262000,-0.027614772740440476
20160620,2016-06-20,GOOGL,45654000,0.002669448384778435
20160621,2016-06-21,GOOGL,30318000,0.0038944886907484257
20160622,2016-06-22,GOOGL,29058000,0.0022429266016261
20160623,2016-06-23,GOOGL,42500000,0.0061931180704343685
20160624,2016-06-24,GOOGL,95436000,-0.04150409009915107
20160627,2016-06-27,GOOGL,58146000,-0.005925251749432945
20160628,2016-06-28,GOOGL,38246000,0.014857460451231305
20160629,2016-06-29,GOOGL,43124000,0.0056852377516739445
20160630,2016-06-30,GOOGL,42250000,0.011996715537784594
20160701,2016-07-01,GOOGL,30984000,0.009551898711115604
20160705,2016-07-05,GOOGL,28440000,-0.007546682172159741
20160706,2016-07-06,GOOGL,28902000,0.005788204825257432
20160707,2016-07-07,GOOGL,21174000,-0.0024120236592251997
20160708,2016-07-08,GOOGL,29946000,0.014874331702515954
20160711,2016-07-11,GOOGL,28822000,0.013123817107964363
20160712,2016-07-12,GOOGL,26468000,0.007301955735244067
20160713,2016-07-13,GOOGL,20436000,-0.004136481496236651
20160714,2016-07-14,GOOGL,21408000,0.008663757760337355
20160715,2016-07-15,GOOGL,32342000,-0.00023101781180509315
20160718,2016-07-18,GOOGL,38698000,0.023884236236070132
20160719,2016-07-19,GOOGL,30436000,0.000278859841073188
20160720,2016-07-20,GOOGL,22502000,0.004871142518513238
20160721,2016-07-21,GOOGL,19062000,-0.0035266852957398114
20160722,2016-07-22,GOOGL,20920000,0.006455369089813387
20160725,2016-07-25,GOOGL,21466000,-0.0023180183751363415
20160726,2016-07-26,GOOGL,23792000,0.0001716190789655237
20160727,2016-07-27,GOOGL,32172000,0.0057018307928870865
20160728,2016-07-28,GOOGL,73464000,0.005078953826627495
20160729,2016-07-29,GOOGL,101810000,0.033296812179456146
20160801,2016-08-01,GOOGL,60594000,0.012131309574815575
20160802,2016-08-02,GOOGL,39928000,-0.0010238061603830262
20160803,2016-08-03,GOOGL,29206000,-0.0014998093414216943
20160804,2016-08-04,GOOGL,21520000,-0.002090319687413695
20160805,2016-08-05,GOOGL,36146000,0.012141766545786177
20160808,2016-08-08,GOOGL,24426000,-0.0021067275634034516
20160809,2016-08-09,GOOGL,32154000,0.002794213663023574
20160810,2016-08-10,GOOGL,18370000,0.0012507792568303905
20160811,2016-08-11,GOOGL,25646000,-0.0003586850667733631
20160812,2016-08-12,GOOGL,17946000,-0.0014228886934392775
20160815,2016-08-15,GOOGL,18596000,-0.0013506121949683906
20160816,2016-08-16,GOOGL,21158000,-0.0059183752483344424
20160817,2016-08-17,GOOGL,21322000,0.0052796028856458375
20160818,2016-08-18,GOOGL,17292000,-0.0033150193889228377
20160819,2016-08-19,GOOGL,22416000,-0.003861789873505544
20160822,2016-08-22,GOOGL,17056000,-0.003376435383371249
20160823,2016-08-23,GOOGL,18350000,-0.0004517612514064288
20160824,2016-08-24,GOOGL,25672000,-0.003753448882221199
20160825,2016-08-25,GOOGL,24054000,-0.00289822776165141
20160826,2016-08-26,GOOGL,24978000,0.0024264040115980685
20160829,2016-08-29,GOOGL,15474000,0.0032778061676695144
20160830,2016-08-30,GOOGL,23348000,-0.0049005979500280515
20160831,2016-08-31,GOOGL,21428000,-0.002613909598343098
20160901,2016-09-01,GOOGL,26070000,0.0019623824536194445
20160902,2016-09-02,GOOGL,26998000,0.006911764904360709
20160906,2016-09-06,GOOGL,39790000,0.013992314213076179
20160907,2016-09-07,GOOGL,22906000,-3.7107398063239315e-05
20160908,2016-09-08,GOOGL,23554000,-0.0063739278467553
20160909,2016-09-09,GOOGL,37752000,-0.017886466424352637
20160912,2016-09-12,GOOGL,37274000,0.013113892768727688
20160913,2016-09-13,GOOGL,36180000,-0.012643675526207765
20160914,2016-09-14,GOOGL,25842000,0.0022060549757102763
20160915,2016-09-15,GOOGL,31144000,0.013625022283689439
20160916,2016-09-16,GOOGL,42612000,-0.0040687945265429565
20160919,2016-09-19,GOOGL,22990000,-0.0032331493031174992
20160920,2016-09-20,GOOGL,20984000,0.005519246573923373
20160921,2016-09-21,GOOGL,26970000,0.006564324523155668
20160922,2016-09-22,GOOGL,35186000,0.013564747785875797
20160923,2016-09-23,GOOGL,28234000,-0.0012132976525084107
20160926,2016-09-26,GOOGL,29454000,-0.015105069873703454
20160927,2016-09-27,GOOGL,27346000,0.010066637555232672
20160928,2016-09-28,GOOGL,29406000,-0.0008264322818640368
20160929,2016-09-29,GOOGL,27000000,-0.009159775761380754
20160930,2016-09-30,GOOGL,33204000,0.0017691404754759889
20161003,2016-10-03,GOOGL,29784000,-0.004576725914996477
20161004,2016-10-04,GOOGL,25174000,0.003011036112701667
20161005,2016-10-05,GOOGL,24276000,-0.0019432009776542817
20161006,2016-10-06,GOOGL,21998000,0.002308919487002425
20161007,2016-10-07,GOOGL,23262000,-0.002951132087481344
20161010,2016-10-10,GOOGL,29922000,0.016810089617349713
20161011,2016-10-11,GOOGL,34432000,-0.005649914458985058
20161012,2016-10-12,GOOGL,18158000,0.002717507055755072
20161013,2016-10-13,GOOGL,27380000,-0.00947318579492994
20161014,2016-10-14,GOOGL,22238000,0.0006467261339696603
20161017,2016-10-17,GOOGL,21128000,0.002783979940172878
20161018,2016-10-18,GOOGL,45786000,0.0181573050622231
20161019,2016-10-19,GOOGL,30002000,0.006512507994012315
20161020,2016-10-20,GOOGL,27878000,-0.006301051057909084
20161021,2016-10-21,GOOGL,32316000,0.002957489500912272
20161024,2016-10-24,GOOGL,28952000,0.014173716630656509
20161025,2016-10-25,GOOGL,37814000,-0.008603084238563598
20161026,2016-10-26,GOOGL,35898000,-0.007784735336770236
20161027,2016-10-27,GOOGL,59470000,-0.005777867405557588
20161028,2016-10-28,GOOGL,87098000,0.0027038682294782965
20161031,2016-10-31,GOOGL,44854000,-0.011786853956526528
20161101,2016-11-01,GOOGL,47118000,-0.005457480607875959
20161102,2016-11-02,GOOGL,47014000,-0.02117983967359208
20161103,2016-11-03,GOOGL,43504000,-0.007901893355889344
20161104,2016-11-04,GOOGL,39412000,-0.001393538107127157
20161107,2016-11-07,GOOGL,39852000,0.02679557422841143
20161108,2016-11-08,GOOGL,35382000,0.012405958391106552
20161109,2016-11-09,GOOGL,61970000,-0.007869651399483443
20161110,2016-11-10,GOOGL,118192000,-0.03140553927828023
20161111,2016-11-11,GOOGL,71852000,-0.010944601163715139
20161114,2016-11-14,GOOGL,73766000,-0.02401042283501666
20161115,2016-11-15,GOOGL,58878000,0.029128279719486398
20161116,2016-11-16,GOOGL,35968000,0.006218100334275673
20161117,2016-11-17,GOOGL,30674000,0.00792323145613465
20161118,2016-11-18,GOOGL,36126000,-0.012961702798311703
20161121,2016-11-21,GOOGL,32616000,0.011379347571094253
20161122,2016-11-22,GOOGL,27884000,0.00025479921267918215
20161123,2016-11-23,GOOGL,26260000,-0.007643292663962978
20161125,2016-11-25,GOOGL,12270000,0.0015789614406098657
20161128,2016-11-28,GOOGL,51508000,0.007126100472384307
20161129,2016-11-29,GOOGL,31240000,0.0046449796092181885
20161130,2016-11-30,GOOGL,45582000,-0.017176768385483893
20161201,2016-12-01,GOOGL,57342000,-0.014886307385904716
20161202,2016-12-02,GOOGL,34376000,0.00017008999397697755
20161205,2016-12-05,GOOGL,33770000,0.01799962674389941
20161206,2016-12-06,GOOGL,34682000,-0.002621397343309525
20161207,2016-12-07,GOOGL,40588000,0.019699129487398003
20161208,2016-12-08,GOOGL,32250000,0.004674783660158189
20161209,2016-12-09,GOOGL,38090000,0.01795844202496687
20161212,2016-12-12,GOOGL,32572000,-0.0019148654009666507
20161213,2016-12-13,GOOGL,42564000,0.00920900678391891
20161214,2016-12-14,GOOGL,35994000,0.0031275896374825672
20161215,2016-12-15,GOOGL,35394000,-0.002738742611178398
20161216,2016-12-16,GOOGL,51978000,-0.007123168814414668
20161219,2016-12-19,GOOGL,25272000,0.0032845850602959
20161220,2016-12-20,GOOGL,25438000,0.0033230356069711537
20161221,2016-12-21,GOOGL,29192000,-0.003680022506340437
20161222,2016-12-22,GOOGL,22632000,-0.003102670494702634
20161223,2016-12-23,GOOGL,15310000,-0.0023219486050499415
20161227,2016-12-27,GOOGL,19520000,0.0026367595907667513
20161228,2016-12-28,GOOGL,24296000,-0.006617800407953569
20161229,2016-12-29,GOOGL,21148000,-0.002100484938827916
20161230,2016-12-30,GOOGL,34718000,-0.012990723911577403
20170103,2017-01-03,GOOGL,39180000,0.019635304459958366
20170104,2017-01-04,GOOGL,30306000,-0.0002970517004982367
20170105,2017-01-05,GOOGL,26810000,0.006499393677681341
20170106,2017-01-06,GOOGL,40342000,0.014993502505908177
20170109,2017-01-09,GOOGL,28178000,0.00238725399962815
20170110,2017-01-10,GOOGL,23948000,-0.0014144973433902594
20170111,2017-01-11,GOOGL,26508000,0.00466098650019886
20170112,2017-01-12,GOOGL,26990000,-0.00039762286799444816
20170113,2017-01-13,GOOGL,25804000,0.0016997436542658315
20170117,2017-01-17,GOOGL,28818000,-0.004188022785532338
20170118,2017-01-18,GOOGL,20554000,0.001885266065284587
20170119,2017-01-19,GOOGL,21410000,-0.005609080177663973
20170120,2017-01-20,GOOGL,26124000,0.004609640078251343
20170123,2017-01-23,GOOGL,49148000,0.019633643144765678
20170124,2017-01-24,GOOGL,33768000,0.006039602233912863
20170125,2017-01-25,GOOGL,33108000,0.010499903008183235
20170126,2017-01-26,GOOGL,69866000,-0.0017124255546364002
20170127,2017-01-27,GOOGL,75050000,-0.013944312843464314
20170130,2017-01-30,GOOGL,70338000,-0.025087809409499496
20170131,2017-01-31,GOOGL,40404000,-0.004418460461349468
20170201,2017-02-01,GOOGL,45020000,-0.006035127642763605
20170202,2017-02-02,GOOGL,33784000,0.0037043608758549193
20170203,2017-02-03,GOOGL,30562000,0.0022853872557050065
20170206,2017-02-06,GOOGL,27018000,0.0018168104362503265
20170207,2017-02-07,GOOGL,33332000,0.009262115500794957
20170208,2017-02-08,GOOGL,26044000,0.0007838892000217502
20170209,2017-02-09,GOOGL,23884000,0.00021687161908039997
20170210,2017-02-10,GOOGL,28302000,0.005770714469673142
20170213,2017-02-13,GOOGL,25914000,0.00492307731674146
20170214,2017-02-14,GOOGL,27266000,0.0012753244988799534
20170215,2017-02-15,GOOGL,27144000,-0.003226028821188906
20170216,2017-02-16,GOOGL,20102000,0.005792296819266398
20170217,2017-02-17,GOOGL,29224000,0.005200801450125746
20170221,2017-02-21,GOOGL,25206000,0.0032130787047467985
20170222,2017-02-22,GOOGL,24488000,0.00246093267138311
20170223,2017-02-23,GOOGL,27734000,-0.0004228894019202172
20170224,2017-02-24,GOOGL,26924000,-0.003748534075915794
20170227,2017-02-27,GOOGL,20206000,0.0021939425408428323
20170228,2017-02-28,GOOGL,27662000,-0.005578714522445641
20170301,2017-03-01,GOOGL,36374000,0.013989406091343973
20170302,2017-03-02,GOOGL,25018000,-0.008053719484426597
20170303,2017-03-03,GOOGL,20100000,-0.0009060831729231861
20170306,2017-03-06,GOOGL,20958000,-0.0021317162337415527
20170307,2017-03-07,GOOGL,20774000,0.0045794197870807525
20170308,2017-03-08,GOOGL,20576000,0.0029254603250409884
20170309,2017-03-09,GOOGL,26954000,0.00492008547810629
20170310,2017-03-10,GOOGL,26732000,0.004161641710868491
20170313,2017-03-13,GOOGL,23332000,0.0036800286395682526
20170314,2017-03-14,GOOGL,21234000,0.0015383565960535722
20170315,2017-03-15,GOOGL,26658000,0.0028639634540465367
20170316,2017-03-16,GOOGL,22090000,0.0018540416007118508
20170317,2017-03-17,GOOGL,37366000,0.0027241323186063216
20170320,2017-03-20,GOOGL,30844000,-0.005112499833833698
20170321,2017-03-21,GOOGL,50760000,-0.02047447799596866
20170322,2017-03-22,GOOGL,27334000,-0.00039989392400848785
20170323,2017-03-23,GOOGL,65754000,-0.011944068945016739
20170324,2017-03-24,GOOGL,42114000,-0.005371243001201222
20170327,2017-03-27,GOOGL,38692000,0.00403522745990055
20170328,2017-03-28,GOOGL,30384000,0.002528361265592759
20170329,2017-03-29,GOOGL,29146000,0.010991707799728924
20170330,2017-03-30,GOOGL,18988000,-0.00045891095188473074
20170331,2017-03-31,GOOGL,28820000,-0.0019776718868103477
20170403,2017-04-03,GOOGL,39388000,0.01055678562570935
20170404,2017-04-04,GOOGL,26970000,-0.004878894107836846
20170405,2017-04-05,GOOGL,37104000,-0.004292960432601693
20170406,2017-04-06,GOOGL,30672000,-0.004488069516276554
20170407,2017-04-07,GOOGL,22232000,-0.003549911775818043
20170410,2017-04-10,GOOGL,20924000,-0.0004750138458880408
20170411,2017-04-11,GOOGL,19486000,-0.0021622812225522625
20170412,2017-04-12,GOOGL,22716000,0.0018812778336690596
20170413,2017-04-13,GOOGL,21474000,-0.001521236609958034
20170417,2017-04-17,GOOGL,20982000,0.01779383925784799
20170418,2017-04-18,GOOGL,18724000,-0.0013331120699192388
20170419,2017-04-19,GOOGL,21606000,0.0029508412890504043
20170420,2017-04-20,GOOGL,23776000,0.004168103749289179
20170421,2017-04-21,GOOGL,23458000,-0.0013139078637634022
20170424,2017-04-24,GOOGL,33930000,0.02326097184607195
20170425,2017-04-25,GOOGL,40760000,0.011275129638427295
20170426,2017-04-26,GOOGL,26466000,0.00033750481965809354
20170427,2017-04-27,GOOGL,46846000,0.0025867211434635736
20170428,2017-04-28,GOOGL,76918000,0.037108570299826726
20170501,2017-05-01,GOOGL,46556000,0.008977568580746335
20170502,2017-05-02,GOOGL,35026000,0.0045775386863687526
20170503,2017-05-03,GOOGL,36496000,0.012122651947555841
20170504,2017-05-04,GOOGL,38752000,0.006610774350755386
20170505,2017-05-05,GOOGL,32310000,-0.0046505807312398105
20170508,2017-05-08,GOOGL,37534000,0.008850059130457123
20170509,2017-05-09,GOOGL,33758000,-0.0020653774365254358
20170510,2017-05-10,GOOGL,22920000,-0.001954578342586147
20170511,2017-05-11,GOOGL,20622000,0.0010996159174717559
20170512,2017-05-12,GOOGL,24298000,-0.0007845772074654397
20170515,2017-05-15,GOOGL,26754000,0.004271595070967331
20170516,2017-05-16,GOOGL,22030000,0.005619164334627567
20170517,2017-05-17,GOOGL,48982000,-0.023263243182020946
20170518,2017-05-18,GOOGL,36010000,0.008841293585476837
20170519,2017-05-19,GOOGL,27206000,0.004366052317818813
20170522,2017-05-22,GOOGL,27748000,0.009867505147533867
20170523,2017-05-23,GOOGL,30908000,0.0067215310102088765
20170524,2017-05-24,GOOGL,22660000,0.007274239137791558
20170525,2017-05-25,GOOGL,39082000,0.014576317746667051
20170526,2017-05-26,GOOGL,32728000,0.0014216368638546174
20170530,2017-05-30,GOOGL,30324000,0.002919581543543819
20170531,2017-05-31,GOOGL,34482000,-0.0091148816048772
20170601,2017-06-01,GOOGL,26128000,0.0012157224470640176
20170602,2017-06-02,GOOGL,34710000,0.007922746486239661
20170605,2017-06-05,GOOGL,27578000,0.0077902359190290945
20170606,2017-06-06,GOOGL,31042000,-0.007172184097711699
20170607,2017-06-07,GOOGL,27482000,0.004836078398712033
20170608,2017-06-08,GOOGL,33758000,0.002775834984464298
20170609,2017-06-09,GOOGL,72958000,-0.034014421460759954
20170612,2017-06-12,GOOGL,84042000,-0.008565963724593425
20170613,2017-06-13,GOOGL,40108000,0.009035082792903673
20170614,2017-06-14,GOOGL,30110000,-0.002648158434808339
20170615,2017-06-15,GOOGL,48552000,-0.008006793174540066
20170616,2017-06-16,GOOGL,51184000,-0.0016246769735828494
20170619,2017-06-19,GOOGL,29376000,0.017316597510637632
20170620,2017-06-20,GOOGL,25946000,-0.006388313184280516
20170621,2017-06-21,GOOGL,23232000,0.009907213324319689
20170622,2017-06-22,GOOGL,20190000,-0.0020130861122318313
20170623,2017-06-23,GOOGL,31280000,0.009696694429093787
20170626,2017-06-26,GOOGL,30358000,-0.014197502351859542
20170627,2017-06-27,GOOGL,48872000,-0.02468908778940551
20170628,2017-06-28,GOOGL,54912000,0.013627396583433956
20170629,2017-06-29,GOOGL,64134000,-0.024130865383470347
20170630,2017-06-30,GOOGL,45754000,-0.008679654746744153
20170703,2017-07-03,GOOGL,33896000,-0.010993063724416113
20170705,2017-07-05,GOOGL,41882000,0.013921201479046755
20170706,2017-07-06,GOOGL,40298000,-0.004902073912799389
20170707,2017-07-07,GOOGL,33266000,0.014142699921986397
20170710,2017-07-10,GOOGL,29030000,0.010831062366473838
20170711,2017-07-11,GOOGL,29224000,0.0026603402324935676
20170712,2017-07-12,GOOGL,32042000,0.014818642949796882
20170713,2017-07-13,GOOGL,30492000,0.001229804862499254
20170714,2017-07-14,GOOGL,21592000,0.008319138546604508
20170717,2017-07-17,GOOGL,33210000,-0.0009724664387009154
20170718,2017-07-18,GOOGL,28266000,0.011260697322402735
20170719,2017-07-19,GOOGL,28242000,0.005896962705521913
20170720,2017-07-20,GOOGL,28368000,-0.0005842104110414385
20170721,2017-07-21,GOOGL,29266000,0.0016629971334503103
20170724,2017-07-24,GOOGL,79690000,0.004497691621514978
20170725,2017-07-25,GOOGL,118672000,-0.029329580653461824
20170726,2017-07-26,GOOGL,44432000,-0.0038389074478378934
20170727,2017-07-27,GOOGL,74358000,-0.013259976616499285
20170728,2017-07-28,GOOGL,36276000,0.006110179796309719
20170731,2017-07-31,GOOGL,45670000,-0.013387842694022612
20170801,2017-08-01,GOOGL,28052000,0.0011210489138179425
20170802,2017-08-02,GOOGL,40788000,0.0011409917068537928
20170803,2017-08-03,GOOGL,22478000,-0.0077455696270811785
20170804,2017-08-04,GOOGL,25092000,0.005838600533887235
20170807,2017-08-07,GOOGL,28916000,-4.235012030257507e-05
20170808,2017-08-08,GOOGL,30102000,-0.001649465873795814
20170809,2017-08-09,GOOGL,28018000,-0.00435288966180221
20170810,2017-08-10,GOOGL,54148000,-0.017541081806360215
20170811,2017-08-11,GOOGL,32334000,0.007037771280735265
20170814,2017-08-14,GOOGL,23012000,0.009504403129028628
20170815,2017-08-15,GOOGL,22130000,-0.0009052760750752657
20170816,2017-08-16,GOOGL,26906000,0.006598619571453273
20170817,2017-08-17,GOOGL,33914000,-0.01759034045809816
20170818,2017-08-18,GOOGL,26748000,-0.0015954404238826714
20170821,2017-08-21,GOOGL,26024000,-0.005733207925845491
20170822,2017-08-22,GOOGL,35502000,0.021208237562351767
20170823,2017-08-23,GOOGL,22690000,0.0023181871247721585
20170824,2017-08-24,GOOGL,25892000,-0.0060366252690802645
20170825,2017-08-25,GOOGL,23746000,-0.006820436962362801
20170828,2017-08-28,GOOGL,20988000,-0.002547012401352875
20170829,2017-08-29,GOOGL,23172000,0.008209985445352007
20170830,2017-08-30,GOOGL,22406000,0.008421074430769285
20170831,2017-08-31,GOOGL,33866000,0.012303584302736655
20170901,2017-09-01,GOOGL,20858000,-0.0034023341838303545
20170905,2017-09-05,GOOGL,29148000,-0.01103997836819477
20170906,2017-09-06,GOOGL,27830000,0.0005735740853426051
20170907,2017-09-07,GOOGL,22332000,0.008354333294593248
20170908,2017-09-08,GOOGL,19998000,-0.008927345133866404
20170911,2017-09-11,GOOGL,26748000,0.0019970421214451544
20170912,2017-09-12,GOOGL,25696000,0.003561985462343529
20170913,2017-09-13,GOOGL,21908000,0.0040035683628479235
20170914,2017-09-14,GOOGL,28548000,-0.010847588947058612
20170915,2017-09-15,GOOGL,39886000,-0.00514823649021073
20170918,2017-09-18,GOOGL,29474000,-0.005923305696297579
20170919,2017-09-19,GOOGL,24854000,0.007647201364075862
20170920,2017-09-20,GOOGL,40080000,0.011399791084587288
20170921,2017-09-21,GOOGL,27414000,1.0547847128038625e-05
20170922,2017-09-22,GOOGL,21496000,-0.004527474718244612
20170925,2017-09-25,GOOGL,37468000,-0.00952012201725774
20170926,2017-09-26,GOOGL,33454000,0.0033715246743882287
20170927,2017-09-27,GOOGL,46692000,0.023969808291342078
20170928,2017-09-28,GOOGL,28018000,0.005115167775547802
20170929,2017-09-29,GOOGL,40622000,0.009234966619373558
20171002,2017-10-02,GOOGL,30782000,-0.006418682880318126
20171003,2017-10-03,GOOGL,21666000,0.004764990411111329
20171004,2017-10-04,GOOGL,21156000,-0.005452213586315374
20171005,2017-10-05,GOOGL,35618000,0.019042551168229813
20171006,2017-10-06,GOOGL,31060000,0.0085770383863434
20171009,2017-10-09,GOOGL,25910000,-0.0013384687370957779
20171010,2017-10-10,GOOGL,23268000,-0.004544991137444118
20171011,2017-10-11,GOOGL,36300000,0.018070496903908554
20171012,2017-10-12,GOOGL,30614000,0.0
20171013,2017-10-13,GOOGL,26552000,0.0022075286300486086
20171016,2017-10-16,GOOGL,21420000,0.001468393655461466
20171017,2017-10-17,GOOGL,20260000,0.001634724520913166
20171018,2017-10-18,GOOGL,25596000,0.0017211038941682974
20171019,2017-10-19,GOOGL,34284000,-0.01076291985060327
20171020,2017-10-20,GOOGL,32120000,0.0032241244347387243
20171023,2017-10-23,GOOGL,32786000,-0.019431510801786657
20171024,2017-10-24,GOOGL,28902000,0.0029932642651499847
20171025,2017-10-25,GOOGL,30574000,0.003004630321411856
20171026,2017-10-26,GOOGL,47396000,-4.0399330063680886e-05
20171027,2017-10-27,GOOGL,103682000,0.04261562755391797
20171030,2017-10-30,GOOGL,46804000,-0.0005223449145991528
20171031,2017-10-31,GOOGL,30326000,-8.713990725655362e-05
20171101,2017-11-01,GOOGL,43262000,0.009254252244158939
20171102,2017-11-02,GOOGL,26694000,0.0003548334291581169
20171103,2017-11-03,GOOGL,27770000,0.006730811995772477
20171106,2017-11-06,GOOGL,18294000,-0.006961997769434451
20171107,2017-11-07,GOOGL,26104000,0.009312547401093833
20171108,2017-11-08,GOOGL,24276000,0.005606324425183737
20171109,2017-11-09,GOOGL,35892000,-0.00998780280233482
20171110,2017-11-10,GOOGL,19442000,-0.0034074203745868615
20171113,2017-11-13,GOOGL,18814000,-0.002825247008176235
20171114,2017-11-14,GOOGL,21012000,0.0004225769986657353
20171115,2017-11-15,GOOGL,18106000,-0.005020953661119064
20171116,2017-11-16,GOOGL,23768000,0.011636334030283045
20171117,2017-11-17,GOOGL,26712000,-0.0119984666552083
20171120,2017-11-20,GOOGL,17526000,-0.0011873217516740972
20171121,2017-11-21,GOOGL,22206000,0.015116031446678155
20171122,2017-11-22,GOOGL,14538000,0.0015424408774581063
20171124,2017-11-24,GOOGL,16492000,0.004372947359122165
20171127,2017-11-27,GOOGL,35430000,0.014661302818836399
20171128,2017-11-28,GOOGL,36424000,-0.008134196955686368
20171129,2017-11-29,GOOGL,55866000,-0.02436779580325549
20171130,2017-11-30,GOOGL,45092000,-0.0011664211617334137
20171201,2017-12-01,GOOGL,37762000,-0.010712460461221386
20171204,2017-12-04,GOOGL,38778000,-0.012877240339576407
20171205,2017-12-05,GOOGL,38998000,0.007639347461188761
20171206,2017-12-06,GOOGL,28710000,0.012867831513694786
20171207,2017-12-07,GOOGL,30866000,0.0114745286445074
20171208,2017-12-08,GOOGL,31170000,0.004604792443249728
20171211,2017-12-11,GOOGL,23254000,0.0024680768398030774
20171212,2017-12-12,GOOGL,33882000,-0.003041908981192208
20171213,2017-12-13,GOOGL,27680000,0.002498174436170301
20171214,2017-12-14,GOOGL,30962000,0.005782837095058269
20171215,2017-12-15,GOOGL,63760000,0.013740297858564836
20171218,2017-12-18,GOOGL,30292000,0.012210874762773508
20171219,2017-12-19,GOOGL,26350000,-0.004893657173440491
20171220,2017-12-20,GOOGL,28728000,-0.005760377455010609
20171221,2017-12-21,GOOGL,25640000,-0.0025243462503924635
20171222,2017-12-22,GOOGL,17788000,-0.0018583134823731667
20171226,2017-12-26,GOOGL,18376000,-0.002816107796834807
20171227,2017-12-27,GOOGL,22324000,-0.005300956478485909
20171228,2017-12-28,GOOGL,19884000,-0.004008634557819291
20171229,2017-12-29,GOOGL,23606000,-0.0024149332815434767
20180102,2018-01-02,GOOGL,31766000,0.018805799093279674
20180103,2018-01-03,GOOGL,31318000,0.017060978711685076
20180104,2018-01-04,GOOGL,26052000,0.003884454430702777
20180105,2018-01-05,GOOGL,30250000,0.013260230136513222
20180108,2018-01-08,GOOGL,24644000,0.003530593749254868
20180109,2018-01-09,GOOGL,26808000,-0.0012744302604467915
20180110,2018-01-10,GOOGL,20734000,-0.0023813962315196516
20180111,2018-01-11,GOOGL,22424000,0.0017205207649022285
20180112,2018-01-12,GOOGL,38586000,0.016725871855812025
20180116,2018-01-16,GOOGL,36462000,4.419805695894696e-05
20180117,2018-01-17,GOOGL,27830000,0.0074290613739482255
20180118,2018-01-18,GOOGL,27498000,-0.002747814326891984
20180119,2018-01-19,GOOGL,30552000,0.006628681666255412
20180122,2018-01-22,GOOGL,29550000,0.01806735391043671
20180123,2018-01-23,GOOGL,39138000,0.010316420381629632
20180124,2018-01-24,GOOGL,37128000,-0.004149051377130497
20180125,2018-01-25,GOOGL,29984000,0.009263283258856048
20180126,2018-01-26,GOOGL,42170000,0.004584903912957754
20180129,2018-01-29,GOOGL,31494000,-0.000909377905849481
20180130,2018-01-30,GOOGL,37338000,-0.007678200160486839
20180131,2018-01-31,GOOGL,36022000,0.004119355957455743
20180201,2018-02-01,GOOGL,73514000,-0.0005329256819712752
20180202,2018-02-02,GOOGL,117842000,-0.052801721354789485
20180205,2018-02-05,GOOGL,83550000,-0.050759469699810045
20180206,2018-02-06,GOOGL,76630000,0.020745699915216978
20180207,2018-02-07,GOOGL,51942000,-0.026760606088108062
20180208,2018-02-08,GOOGL,66792000,-0.04519567397044993
20180209,2018-02-09,GOOGL,98360000,0.03826492776450367
20180212,2018-02-12,GOOGL,56240000,0.007923407811329863
20180213,2018-02-13,GOOGL,31586000,-0.00039826862752290155
20180214,2018-02-14,GOOGL,41304000,0.01760672351330523
20180215,2018-02-15,GOOGL,37396000,0.01739540414135241
20180216,2018-02-16,GOOGL,39948000,0.003793445415113969
20180220,2018-02-20,GOOGL,33754000,0.007384738342069588
20180221,2018-02-21,GOOGL,41486000,0.009206306958705425
20180222,2018-02-22,GOOGL,28010000,-0.0034568093039772725
20180223,2018-02-23,GOOGL,25292000,0.0163888663767098
20180226,2018-02-26,GOOGL,30912000,0.01383758977434281
20180227,2018-02-27,GOOGL,42964000,-0.022899389988662974
20180228,2018-02-28,GOOGL,49292000,-0.012160975439577204
20180301,2018-03-01,GOOGL,55338000,-0.029449593276799847
20180302,2018-03-02,GOOGL,50162000,0.01188156390448463
20180305,2018-03-05,GOOGL,28648000,0.009795750047149762
20180306,2018-03-06,GOOGL,23382000,0.005608520814833513
20180307,2018-03-07,GOOGL,30748000,0.01284405043037576
20180308,2018-03-08,GOOGL,33862000,0.012860576890181438
20180309,2018-03-09,GOOGL,42662000,0.027855956322396593
20180312,2018-03-12,GOOGL,44306000,0.004384779014787818
20180313,2018-03-13,GOOGL,43140000,-0.022316991184052327
20180314,2018-03-14,GOOGL,41870000,0.00787783812465916
20180315,2018-03-15,GOOGL,33382000,0.0014970716988038368
20180316,2018-03-16,GOOGL,58656000,-0.014070759932432769
20180319,2018-03-19,GOOGL,63656000,-0.03027976867416725
20180320,2018-03-20,GOOGL,54598000,-0.0038815887937710377
20180321,2018-03-21,GOOGL,44898000,-0.0016426382749408718
20180322,2018-03-22,GOOGL,69312000,-0.03734002767364073
20180323,2018-03-23,GOOGL,49880000,-0.025257594838772494
20180326,2018-03-26,GOOGL,65984000,0.026827702844313826
20180327,2018-03-27,GOOGL,60816000,-0.044730492564942756
20180328,2018-03-28,GOOGL,77698000,-0.0017478946314047924
20180329,2018-03-29,GOOGL,69338000,0.03179529255766277
20180402,2018-04-02,GOOGL,65068000,-0.023632262495787665
20180403,2018-04-03,GOOGL,51322000,0.005974499319809076
20180404,2018-04-04,GOOGL,50724000,0.010827781997689941
20180405,2018-04-05,GOOGL,35836000,0.002845454212037611
20180406,2018-04-06,GOOGL,40134000,-0.0219727803854579
20180409,2018-04-09,GOOGL,33220000,0.010040100117717563
20180410,2018-04-10,GOOGL,36620000,0.016086804077386944
20180411,2018-04-11,GOOGL,34060000,-0.011037190592724818
20180412,2018-04-12,GOOGL,32896000,0.01193100513216092
20180413,2018-04-13,GOOGL,25410000,-0.0012050632367671971
20180416,2018-04-16,GOOGL,29776000,0.009710091981469535
20180417,2018-04-17,GOOGL,54584000,0.031794248919989596
20180418,2018-04-18,GOOGL,31126000,-0.003678064366232436
20180419,2018-04-19,GOOGL,39884000,0.013074309885982273
20180420,2018-04-20,GOOGL,42434000,-0.011134034971052139
20180423,2018-04-23,GOOGL,69590000,-0.003258136364695419
20180424,2018-04-24,GOOGL,128220000,-0.047652721824114605
20180425,2018-04-25,GOOGL,57860000,0.0003422872382291574
20180426,2018-04-26,GOOGL,50926000,0.019863318401301858
20180427,2018-04-27,GOOGL,40746000,-0.01136771069098777
20180430,2018-04-30,GOOGL,34492000,-0.012477531397239571
20180501,2018-05-01,GOOGL,35326000,0.021765548136237024
20180502,2018-05-02,GOOGL,34698000,-0.01412436833449671
20180503,2018-05-03,GOOGL,39282000,0.0002435933499015477
20180504,2018-05-04,GOOGL,36892000,0.024067049467068603
20180507,2018-05-07,GOOGL,34400000,0.008049483193808328
20180508,2018-05-08,GOOGL,26030000,-0.0008211540458489558
20180509,2018-05-09,GOOGL,47160000,0.02867961581102793
20180510,2018-05-10,GOOGL,36414000,0.015170581552621595
20180511,2018-05-11,GOOGL,30504000,-0.0018905953063214373
20180514,2018-05-14,GOOGL,39338000,0.002918362060823019
20180515,2018-05-15,GOOGL,35738000,-0.019636761959864947
20180516,2018-05-16,GOOGL,25628000,-0.0007190071625040578
20180517,2018-05-17,GOOGL,25738000,-0.0026104579902971165
20180518,2018-05-18,GOOGL,35482000,-0.010746745180436952
20180521,2018-05-21,GOOGL,25180000,0.013434465158129627
20180522,2018-05-22,GOOGL,22226000,-0.008025781484897316
20180523,2018-05-23,GOOGL,23740000,0.00990414353941447
20180524,2018-05-24,GOOGL,20604000,-0.00046965359797862777
20180525,2018-05-25,GOOGL,22224000,-0.0012621589194227118
20180529,2018-05-29,GOOGL,36076000,-0.014768264031895273
20180530,2018-05-30,GOOGL,28686000,0.008800944211422669
20180531,2018-05-31,GOOGL,79368000,0.02091007933020903
20180601,2018-06-01,GOOGL,63202000,0.031818181818181815
20180604,2018-06-04,GOOGL,44754000,0.015894280656318833
20180605,2018-06-05,GOOGL,32964000,-0.0017519208137350274
20180606,2018-06-06,GOOGL,34934000,-0.003535974092059807
20180607,2018-06-07,GOOGL,36108000,-0.010924611843451835
20180608,2018-06-08,GOOGL,27284000,-0.001507357218709711
20180611,2018-06-11,GOOGL,24796000,0.0072303818967461835
20180612,2018-06-12,GOOGL,26092000,0.006389726791566994
20180613,2018-06-13,GOOGL,34302000,-0.0034489389587307427
20180614,2018-06-14,GOOGL,35422000,0.013878373353267122
20180615,2018-06-15,GOOGL,44438000,-0.0007240661026974324
20180618,2018-06-18,GOOGL,33038000,0.020970090789049715
20180619,2018-06-19,GOOGL,47282000,-0.0041315196778015425
20180620,2018-06-20,GOOGL,51686000,0.004564341512374067
20180621,2018-06-21,GOOGL,44966000,-0.012355667022898816
20180622,2018-06-22,GOOGL,34220000,-0.0001282613012820128
20180625,2018-06-25,GOOGL,57682000,-0.025665142340676222
20180626,2018-06-26,GOOGL,34688000,-0.005845800488067486
20180627,2018-06-27,GOOGL,34538000,-0.013844014577638697
20180628,2018-06-28,GOOGL,29726000,0.008809794237086504
20180629,2018-06-29,GOOGL,31562000,0.002138814244578704
20180702,2018-07-02,GOOGL,23216000,0.011441828492635968
20180703,2018-07-03,GOOGL,16448000,-0.02261603712632259
20180705,2018-07-05,GOOGL,28594000,0.02240476840582573
20180706,2018-07-06,GOOGL,21820000,0.012082866393976757
20180709,2018-07-09,GOOGL,21584000,0.010561983214513472
20180710,2018-07-10,GOOGL,21334000,-0.00011993642781081966
20180711,2018-07-11,GOOGL,33252000,0.0037014141187795453
20180712,2018-07-12,GOOGL,44148000,0.025438304618412733
20180713,2018-07-13,GOOGL,32612000,0.0026305869964443032
20180716,2018-07-16,GOOGL,26784000,-0.006567479429038878
20180717,2018-07-17,GOOGL,40162000,0.013848590209359291
20180718,2018-07-18,GOOGL,38948000,-0.0001401250635059618
20180719,2018-07-19,GOOGL,38338000,-0.011385813456331904
20180720,2018-07-20,GOOGL,37938000,-0.0010174434511152494
20180723,2018-07-23,GOOGL,65446000,0.010952653336732725
20180724,2018-07-24,GOOGL,107600000,0.03893479790829846
20180725,2018-07-25,GOOGL,51104000,0.014139802838232947
20180726,2018-07-26,GOOGL,54686000,0.0074925252635419
20180727,2018-07-27,GOOGL,48362000,-0.025367573002710024
20180730,2018-07-30,GOOGL,43896000,-0.018237863143562124
20180731,2018-07-31,GOOGL,39382000,-0.0022925895556363267
20180801,2018-08-01,GOOGL,36994000,0.004701711823715119
20180802,2018-08-02,GOOGL,34704000,0.006601799994765191
20180803,2018-08-03,GOOGL,21264000,-0.0023929570052728284
20180806,2018-08-06,GOOGL,22114000,-0.00039577760810696484
20180807,2018-08-07,GOOGL,42506000,0.01468082257679942
20180808,2018-08-08,GOOGL,34344000,0.004371604684316061
20180809,2018-08-09,GOOGL,27326000,0.0024814751303568333
20180810,2018-08-10,GOOGL,26602000,-0.009450672246648723
20180813,2018-08-13,GOOGL,27500000,-0.003089803987951683
20180814,2018-08-14,GOOGL,28080000,0.007608314563929236
20180815,2018-08-15,GOOGL,37052000,-0.020601863123641925
20180816,2018-08-16,GOOGL,32176000,-0.006622209437287729
20180817,2018-08-17,GOOGL,33092000,-0.00670718067234983
20180820,2018-08-20,GOOGL,22218000,0.00501707130768457
20180821,2018-08-21,GOOGL,23082000,-0.0037153924588153486
20180822,2018-08-22,GOOGL,22296000,0.0035649924584046614
20180823,2018-08-23,GOOGL,24666000,-0.00048296080074326255
20180824,2018-08-24,GOOGL,24454000,0.012766597101034938
20180827,2018-08-27,GOOGL,28580000,0.01578326906361561
20180828,2018-08-28,GOOGL,27330000,-0.00828643822836405
20180829,2018-08-29,GOOGL,36926000,0.015081933963904866
20180830,2018-08-30,GOOGL,30104000,-0.00807334933234878
20180831,2018-08-31,GOOGL,42308000,-0.018047893359256877
20180904,2018-09-04,GOOGL,41458000,-0.01663422305567346
20180905,2018-09-05,GOOGL,53988000,-0.010079938869609284
20180906,2018-09-06,GOOGL,46854000,-0.012601130354160162
20180907,2018-09-07,GOOGL,32658000,-0.005405445809771043
20180910,2018-09-10,GOOGL,27670000,-0.002148506489316295
20180911,2018-09-11,GOOGL,29254000,0.012705767255218986
20180912,2018-09-12,GOOGL,35716000,-0.015453885147925265
20180913,2018-09-13,GOOGL,40068000,0.008996186344764748
20180914,2018-09-14,GOOGL,24176000,-0.0035190449283925406
20180917,2018-09-17,GOOGL,34096000,-0.015407688293647826
20180918,2018-09-18,GOOGL,32314000,0.006276754485096951
20180919,2018-09-19,GOOGL,25962000,0.006134840991468957
20180920,2018-09-20,GOOGL,29244000,0.014732520619317603
20180921,2018-09-21,GOOGL,91222000,-0.01632300018196782
20180924,2018-09-24,GOOGL,31150000,0.0063475011831836455
20180925,2018-09-25,GOOGL,33152000,0.012148586266533744
20180926,2018-09-26,GOOGL,37650000,0.00014237736327731219
20180927,2018-09-27,GOOGL,36274000,0.011138484253471536
20180928,2018-09-28,GOOGL,35612000,-0.00023190993502793567
20181001,2018-10-01,GOOGL,33164000,0.0012012181698516805
20181002,2018-10-02,GOOGL,40180000,-0.0007364061259899029
20181003,2018-10-03,GOOGL,26246000,0.00322115811965029
20181004,2018-10-04,GOOGL,46576000,-0.028443366230963354
20181005,2018-10-05,GOOGL,31852000,-0.007850030969480866
20181008,2018-10-08,GOOGL,46190000,-0.010198353287300743
20181009,2018-10-09,GOOGL,33690000,-0.009299990924616565
20181010,2018-10-10,GOOGL,58980000,-0.046290026390455624
20181011,2018-10-11,GOOGL,67696000,-0.001300229965994093
20181012,2018-10-12,GOOGL,49370000,0.027320932809859613
20181015,2018-10-15,GOOGL,30074000,-0.016152904356749598
20181016,2018-10-16,GOOGL,38378000,0.027792852851181965
20181017,2018-10-17,GOOGL,35652000,-0.004845165197388063
20181018,2018-10-18,GOOGL,46152000,-0.026321643936607533
20181019,2018-10-19,GOOGL,41286000,0.006621648159351507
20181022,2018-10-22,GOOGL,27116000,0.005600927528067975
20181023,2018-10-23,GOOGL,37686000,0.003185224304691394
20181024,2018-10-24,GOOGL,49286000,-0.05183377553179463
20181025,2018-10-25,GOOGL,72956000,0.04395908943515184
20181026,2018-10-26,GOOGL,106438000,-0.017977701309542533
20181029,2018-10-29,GOOGL,81290000,-0.045231837852328434
20181030,2018-10-30,GOOGL,59768000,0.014283888862549754
20181031,2018-10-31,GOOGL,70916000,0.03913257043020144
20181101,2018-11-01,GOOGL,40132000,-0.00421793073535533
20181102,2018-11-02,GOOGL,43438000,-0.013342764169314698
20181105,2018-11-05,GOOGL,45358000,-0.01470852735720581
20181106,2018-11-06,GOOGL,28660000,0.013109438124816443
20181107,2018-11-07,GOOGL,43388000,0.03615468588924742
20181108,2018-11-08,GOOGL,33694000,-0.012280734243187163
20181109,2018-11-09,GOOGL,34860000,-0.016087572958530715
20181112,2018-11-12,GOOGL,34002000,-0.025682033577637067
20181113,2018-11-13,GOOGL,25750000,-0.0013246163654647015
20181114,2018-11-14,GOOGL,34666000,0.0063074623440734215
20181115,2018-11-15,GOOGL,41584000,0.0156176219060522
20181116,2018-11-16,GOOGL,35366000,-0.002595582551855555
20181119,2018-11-19,GOOGL,45684000,-0.03823945800997841
20181120,2018-11-20,GOOGL,54458000,0.002949148482107472
20181121,2018-11-21,GOOGL,29698000,0.01259647895051159
20181123,2018-11-23,GOOGL,14178000,-0.012775175656014728
20181126,2018-11-26,GOOGL,31558000,0.025084939134082624
20181127,2018-11-27,GOOGL,33048000,-0.003466152790049606
20181128,2018-11-28,GOOGL,46042000,0.03754708012590082
20181129,2018-11-29,GOOGL,31004000,0.0025554303156255873
20181130,2018-11-30,GOOGL,59668000,0.013767802739536593
20181203,2018-12-03,GOOGL,57532000,0.006046999244520435
20181204,2018-12-04,GOOGL,45630000,-0.04827295731090158
20181206,2018-12-06,GOOGL,47436000,0.014692151167236954
20181207,2018-12-07,GOOGL,42682000,-0.029218625381352965
20181210,2018-12-10,GOOGL,33652000,0.006306289822086492
20181211,2018-12-11,GOOGL,33852000,0.008042311054986652
20181212,2018-12-12,GOOGL,28960000,0.011378516202968267
20181213,2018-12-13,GOOGL,24986000,-0.00017699814276296447
20181214,2018-12-14,GOOGL,36358000,-0.020334582157489716
20181217,2018-12-17,GOOGL,49932000,-0.024778648460174715
20181218,2018-12-18,GOOGL,43640000,0.017315857595548746
20181219,2018-12-19,GOOGL,58264000,-0.00761930374730261
20181220,2018-12-20,GOOGL,53674000,-0.011473122457215346
20181221,2018-12-21,GOOGL,104656000,-0.03158523666939271
20181224,2018-12-24,GOOGL,36360000,-0.006638054288500945
20181226,2018-12-26,GOOGL,46318000,0.06416363461254908
20181227,2018-12-27,GOOGL,45996000,0.0048193657085358055
20181228,2018-12-28,GOOGL,34398000,-0.005907509189293689
20181231,2018-12-31,GOOGL,33110000,-0.0016432631894758847
20190102,2019-01-02,GOOGL,31868000,0.009301792428722666
20190103,2019-01-03,GOOGL,41960000,-0.02769565351374742
20190104,2019-01-04,GOOGL,46022000,0.05129357549713415
20190107,2019-01-07,GOOGL,47446000,-0.001994270682543741
20190108,2019-01-08,GOOGL,35414000,0.008783177835046611
20190109,2019-01-09,GOOGL,26998000,-0.00342741773923283
20190110,2019-01-10,GOOGL,26598000,-0.002607106534250314
20190111,2019-01-11,GOOGL,30864000,-0.013310758837012226
20190114,2019-01-14,GOOGL,28490000,-0.012175050839576007
20190115,2019-01-15,GOOGL,37518000,0.033285465354534555
20190116,2019-01-16,GOOGL,38280000,0.002761092117577401
20190117,2019-01-17,GOOGL,24896000,0.008820535803381203
20190118,2019-01-18,GOOGL,44892000,0.00744232453579961
20190122,2019-01-22,GOOGL,39632000,-0.02589184780650263
20190123,2019-01-23,GOOGL,25194000,0.005358676610586117
20190124,2019-01-24,GOOGL,29114000,-0.00037808914981933827
20190125,2019-01-25,GOOGL,23260000,0.01615313123649328
20190128,2019-01-28,GOOGL,29334000,-0.019654845587721934
20190129,2019-01-29,GOOGL,19704000,-0.009075281577053345
20190130,2019-01-30,GOOGL,29452000,0.026101405369794568
20190131,2019-01-31,GOOGL,40232000,0.02541000550669402
20190201,2019-02-01,GOOGL,33116000,-0.006457090795618294
20190204,2019-02-04,GOOGL,78408000,0.02038224588554776
20190205,2019-02-05,GOOGL,82296000,0.009155246838074383
20190206,2019-02-06,GOOGL,48256000,-0.02515904645646813
20190207,2019-02-07,GOOGL,38298000,-0.015121677321234542
20190208,2019-02-08,GOOGL,21766000,-0.0031919816680951673
20190211,2019-02-11,GOOGL,18498000,-0.00023586219640441645
20190212,2019-02-12,GOOGL,35036000,0.023100980796578525
20190213,2019-02-13,GOOGL,28042000,0.0009311598691612801
20190214,2019-02-14,GOOGL,21106000,0.0005050300547299536
20190215,2019-02-15,GOOGL,27826000,-0.00847503319110985
20190219,2019-02-19,GOOGL,21980000,0.006144918908848621
20190220,2019-02-20,GOOGL,24090000,-0.005255194037516918
20190221,2019-02-21,GOOGL,33272000,-0.01461730441944425
20190222,2019-02-22,GOOGL,29436000,0.011184472491417009
20190225,2019-02-25,GOOGL,26208000,0.0006896492819427433
20190226,2019-02-26,GOOGL,35026000,0.004188509059841853
20190227,2019-02-27,GOOGL,22092000,0.0007843519107893708
20190228,2019-02-28,GOOGL,27422000,0.0032594226476198034
20190301,2019-03-01,GOOGL,34086000,0.019502007190072054
20190304,2019-03-04,GOOGL,35490000,0.004266408110971516
20190305,2019-03-05,GOOGL,40094000,0.01367234667673671
20190306,2019-03-06,GOOGL,23602000,-0.003634956055237759
20190307,2019-03-07,GOOGL,30086000,-0.01209507933079496
20190308,2019-03-08,GOOGL,23694000,-0.0007646299450273895
20190311,2019-03-11,GOOGL,30032000,0.025470236723727842
20190312,2019-03-12,GOOGL,42220000,0.015255295130032438
20190313,2019-03-13,GOOGL,25888000,0.0015117958502083308
20190314,2019-03-14,GOOGL,27302000,-0.005445931709581614
20190315,2019-03-15,GOOGL,51886000,-0.0018699703641461636
20190318,2019-03-18,GOOGL,24442000,-0.0014701791494407589
20190319,2019-03-19,GOOGL,29788000,0.011703325910098383
20190320,2019-03-20,GOOGL,41508000,0.01993409760518509
20190321,2019-03-21,GOOGL,28150000,0.007909144741765553
20190322,2019-03-22,GOOGL,34422000,-0.02303964467054264
20190325,2019-03-25,GOOGL,27576000,-0.00850412315187843
20190326,2019-03-26,GOOGL,30752000,-0.006297063666239569
20190327,2019-03-27,GOOGL,29428000,-0.0099425018968648
20190328,2019-03-28,GOOGL,22402000,-0.0048726675899148555
20190329,2019-03-29,GOOGL,30890000,0.003941119584889911
20190401,2019-04-01,GOOGL,27706000,0.018769804974583703
20190402,2019-04-02,GOOGL,18288000,0.005471302403884731
20190403,2019-04-03,GOOGL,22180000,0.004371488490723584
20190404,2019-04-04,GOOGL,21022000,0.007135705882341822
20190405,2019-04-05,GOOGL,20012000,-0.006560359619171556
20190408,2019-04-08,GOOGL,21750000,-0.002616647176217071
20190409,2019-04-09,GOOGL,19668000,-0.0046264584678270765
20190410,2019-04-10,GOOGL,15510000,0.003126320660029645
20190411,2019-04-11,GOOGL,16998000,0.0026027021381719467
20190412,2019-04-12,GOOGL,24312000,0.010863209804155808
20190415,2019-04-15,GOOGL,23796000,0.0031077772301454205
20190416,2019-04-16,GOOGL,22622000,0.00438637468872023
20190417,2019-04-17,GOOGL,30366000,0.006680666885036878
20190418,2019-04-18,GOOGL,24750000,0.001072485646207207
20190422,2019-04-22,GOOGL,19084000,0.009899524317430788
20190423,2019-04-23,GOOGL,31868000,0.01342361109463033
20190424,2019-04-24,GOOGL,23396000,-0.008295365697729123
20190425,2019-04-25,GOOGL,31344000,0.005785515829851148
20190426,2019-04-26,GOOGL,27228000,0.007953631987037241
20190429,2019-04-29,GOOGL,72368000,0.014701495198197212
20190430,2019-04-30,GOOGL,133178000,-0.07501922357929156
20190501,2019-05-01,GOOGL,74340000,-0.02138522478733547
20190502,2019-05-02,GOOGL,45098000,-0.005804041110765761
20190503,2019-05-03,GOOGL,41588000,0.019751230895610636
20190506,2019-05-06,GOOGL,31774000,0.0032869474533516936
20190507,2019-05-07,GOOGL,36604000,-0.012233330620710879
20190508,2019-05-08,GOOGL,25520000,-0.006854067882104286
20190509,2019-05-09,GOOGL,29556000,-0.0024001593155271125
20190510,2019-05-10,GOOGL,31650000,-0.00028251694971054585
20190513,2019-05-13,GOOGL,45626000,-0.02659212906851982
20190514,2019-05-14,GOOGL,40392000,-0.010320313888654696
20190515,2019-05-15,GOOGL,59302000,0.04084065365936041
20190516,2019-05-16,GOOGL,35308000,0.011701358863697232
20190517,2019-05-17,GOOGL,25362000,-0.013271411031595936
20190520,2019-05-20,GOOGL,30602000,-0.020636860385106943
20190521,2019-05-21,GOOGL,20562000,0.008543993823220616
20190522,2019-05-22,GOOGL,18826000,0.0012213613529836746
20190523,2019-05-23,GOOGL,25214000,-0.009092897095351491
20190524,2019-05-24,GOOGL,18554000,-0.005875954223897896
20190528,2019-05-28,GOOGL,20948000,0.000834361376170942
20190529,2019-05-29,GOOGL,36230000,-0.017217153671346474
20190530,2019-05-30,GOOGL,18088000,0.0013125304936659691
20190531,2019-05-31,GOOGL,31582000,-0.013295737775405662
20190603,2019-06-03,GOOGL,96890000,-0.061238146255042966
20190604,2019-06-04,GOOGL,60512000,0.015162571383725844
20190605,2019-06-05,GOOGL,46988000,-0.009341014459377555
20190606,2019-06-06,GOOGL,29020000,0.002986714070421306
20190607,2019-06-07,GOOGL,43828000,0.01967050650977194
20190610,2019-06-10,GOOGL,28510000,0.01346914475183383
20190611,2019-06-11,GOOGL,33508000,-0.0015885763987927807
20190612,2019-06-12,GOOGL,23670000,-0.0017944999391999962
20190613,2019-06-13,GOOGL,20814000,0.011036921715104234
20190614,2019-06-14,GOOGL,24582000,-0.004317106904112325
20190617,2019-06-17,GOOGL,19770000,0.006987045058799295
20190618,2019-06-18,GOOGL,34526000,0.010375834287394158
20190619,2019-06-19,GOOGL,26714000,-0.0006605413747129934
20190620,2019-06-20,GOOGL,24018000,0.007867772353630748
20190621,2019-06-21,GOOGL,50774000,0.01093247279903584
20190624,2019-06-24,GOOGL,24236000,-0.007704171737133444
20190625,2019-06-25,GOOGL,31644000,-0.026076788589863502
20190626,2019-06-26,GOOGL,34698000,-0.006675421877978095
20190627,2019-06-27,GOOGL,24078000,-0.0034156145811043387
20190628,2019-06-28,GOOGL,33672000,0.005730815169500564
